day,shift,preference,requirements,assigned,singleWorkerFitness,prediction_flatten,prediction_assigned
1,1,0,7,1,580,0.7635508,1
1,1,0,7,0,540,0.7347552,1
1,1,0,7,0,500,0.6986975,1
1,1,0,7,1,620,0.7873495,1
1,1,0,7,1,530,0.7260719,1
1,1,1,7,1,570,0.7938001,1
1,1,0,7,0,600,0.77574295,1
1,1,1,7,1,570,0.7938001,1
1,1,1,7,1,530,0.7600603,1
1,1,1,7,1,580,0.7999716,1
1,1,0,7,0,520,0.71721387,1
1,2,1,7,1,580,0.7944834,1
1,2,1,7,1,540,0.75717354,1
1,2,0,7,0,500,0.6920759,1
1,2,1,7,1,620,0.8252731,1
1,2,1,7,1,530,0.74692136,1
1,2,0,7,0,570,0.7508161,1
1,2,0,7,0,600,0.77260333,1
1,2,1,7,1,570,0.78519773,1
1,2,1,7,1,530,0.74692136,1
1,2,0,7,0,580,0.7576461,1
1,2,1,7,1,520,0.7363871,1
1,3,1,7,0,580,0.790227,1
1,3,0,7,1,540,0.72524184,1
1,3,1,7,1,500,0.7042715,1
1,3,0,7,1,620,0.7799512,1
1,3,1,7,1,530,0.7380767,1
1,3,1,7,1,570,0.7819588,1
1,3,1,7,1,600,0.80606574,1
1,3,0,7,1,570,0.75113636,1
1,3,0,7,0,530,0.7145104,1
1,3,0,7,1,580,0.756959,1
1,3,1,7,0,520,0.72504133,1
2,1,0,5,0,580,0.68691254,1
2,1,0,5,1,540,0.6519348,1
2,1,1,5,1,500,0.64978373,1
2,1,0,5,0,620,0.7182824,1
2,1,0,5,0,530,0.6418434,1
2,1,1,5,1,570,0.7337882,1
2,1,0,5,0,600,0.70155406,1
2,1,1,5,1,570,0.7337882,1
2,1,0,5,0,530,0.6418434,1
2,1,1,5,1,580,0.7405728,1
2,1,1,5,0,520,0.6804684,1
2,2,1,5,0,580,0.7367987,1
2,2,0,5,1,540,0.6475977,1
2,2,1,5,1,500,0.648905,1
2,2,0,5,0,620,0.71429616,1
2,2,0,5,0,530,0.63799983,1
2,2,1,5,1,570,0.728644,1
2,2,0,5,0,600,0.69942224,1
2,2,0,5,0,570,0.6756328,1
2,2,0,5,1,530,0.63799983,1
2,2,1,5,0,580,0.7367987,1
2,2,1,5,0,520,0.6744808,1
2,3,0,9,1,580,0.80515003,1
2,3,0,9,1,540,0.7789908,1
2,3,0,9,0,500,0.7468526,1
2,3,1,9,1,620,0.86319757,1
2,3,0,9,0,530,0.77116245,1
2,3,0,9,1,570,0.79866296,1
2,3,0,9,1,600,0.8176458,1
2,3,1,9,1,570,0.83522505,1
2,3,0,9,1,530,0.77116245,1
2,3,1,9,1,580,0.84238076,1
2,3,1,9,1,520,0.79585886,1
3,1,1,7,1,580,0.79500705,1
3,1,0,7,1,540,0.71767676,1
3,1,0,7,0,500,0.67994726,1
3,1,1,7,1,620,0.8163368,1
3,1,1,7,1,530,0.75920236,1
3,1,1,7,1,570,0.78976583,1
3,1,1,7,0,600,0.80550027,1
3,1,0,7,0,570,0.74407804,1
3,1,1,7,0,530,0.75920236,1
3,1,1,7,1,580,0.79500705,1
3,1,1,7,1,520,0.7507115,1
3,2,0,8,0,580,0.77316535,1
3,2,1,8,1,540,0.7903868,1
3,2,0,8,1,500,0.710772,1
3,2,0,8,0,620,0.79582894,1
3,2,1,8,1,530,0.7826807,1
3,2,1,8,1,570,0.81051207,1
3,2,1,8,1,600,0.8249569,1
3,2,0,8,1,570,0.76779795,1
3,2,1,8,1,530,0.7826807,1
3,2,0,8,1,580,0.77316535,1
3,2,1,8,1,520,0.7747722,1
3,3,1,9,1,580,0.835739,1
3,3,0,9,1,540,0.7723779,1
3,3,0,9,1,500,0.7398511,1
3,3,0,9,0,620,0.82187855,1
3,3,0,9,1,530,0.764523,1
3,3,0,9,1,570,0.79252285,1
3,3,1,9,0,600,0.8473921,1
3,3,0,9,1,570,0.79252285,1
3,3,0,9,0,530,0.764523,1
3,3,0,9,1,580,0.79746443,1
3,3,0,9,1,520,0.7564825,1
4,1,0,6,0,580,0.7152197,1
4,1,0,6,0,540,0.6774873,1
4,1,0,6,0,500,0.63644207,1
4,1,1,6,1,620,0.7868468,1
4,1,0,6,1,530,0.6678144,1
4,1,0,6,0,570,0.70724106,1
4,1,1,6,1,600,0.77749527,1
4,1,1,6,1,570,0.75889,1
4,1,1,6,1,530,0.7222828,1
4,1,1,6,1,580,0.765739,1
4,1,1,6,0,520,0.7115364,1
4,2,0,10,0,580,0.82177615,1
4,2,1,10,1,540,0.83679605,1
4,2,0,10,0,500,0.7688421,1
4,2,0,10,1,620,0.84055555,1
4,2,1,10,1,530,0.83043003,1
4,2,1,10,1,570,0.8531847,1
4,2,1,10,1,600,0.86476666,1
4,2,1,10,1,570,0.8531847,1
4,2,1,10,1,530,0.83043003,1
4,2,1,10,1,580,0.85714006,1
4,2,0,10,1,520,0.7841718,1
4,3,0,10,0,580,0.8187204,1
4,3,1,10,1,540,0.8315693,1
4,3,0,10,1,500,0.7645969,1
4,3,0,10,1,620,0.8369072,1
4,3,0,10,1,530,0.78759575,1
4,3,0,10,1,570,0.81417674,1
4,3,1,10,1,600,0.86103225,1
4,3,0,10,1,570,0.81417674,1
4,3,0,10,1,530,0.78759575,1
4,3,0,10,1,580,0.8187204,1
4,3,0,10,1,520,0.78011644,1
5,1,1,8,1,580,0.8177898,1
5,1,0,8,1,540,0.7433821,1
5,1,0,8,1,500,0.70582986,1
5,1,0,8,0,620,0.7975275,1
5,1,1,8,1,530,0.7814571,1
5,1,1,8,1,570,0.8122204,1
5,1,0,8,1,600,0.78687274,1
5,1,1,8,1,570,0.8122204,1
5,1,0,8,0,530,0.7343939,1
5,1,1,8,1,580,0.8177898,1
5,1,1,8,1,520,0.7732781,1
5,2,0,9,0,580,0.79444426,1
5,2,0,9,0,540,0.7657116,1
5,2,0,9,1,500,0.7312159,1
5,2,1,9,1,620,0.8508577,1
5,2,0,9,1,530,0.75763005,1
5,2,0,9,1,570,0.78881913,1
5,2,1,9,1,600,0.842219,1
5,2,1,9,1,570,0.82849723,1
5,2,0,9,1,530,0.75763005,1
5,2,1,9,1,580,0.8331779,1
5,2,1,9,1,520,0.79222786,1
5,3,0,5,0,580,0.652699,1
5,3,1,5,0,540,0.67633235,1
5,3,0,5,0,500,0.58643144,1
5,3,1,5,1,620,0.73407644,1
5,3,1,5,1,530,0.66785055,1
5,3,0,5,0,570,0.64230794,1
5,3,1,5,0,600,0.7229151,1
5,3,1,5,1,570,0.7015062,1
5,3,1,5,1,530,0.66785055,1
5,3,0,5,1,580,0.652699,1
5,3,1,5,0,520,0.6598147,1
6,1,0,5,0,580,0.6717348,1
6,1,1,5,1,540,0.7030755,1
6,1,0,5,1,500,0.58920956,1
6,1,0,5,0,620,0.6999728,1
6,1,1,5,0,530,0.69223243,1
6,1,0,5,1,570,0.6630734,1
6,1,0,5,1,600,0.6861773,1
6,1,1,5,1,570,0.7315668,1
6,1,0,5,1,530,0.62602156,1
6,1,0,5,0,580,0.6717348,1
6,1,1,5,0,520,0.681235,1
6,2,1,6,1,580,0.7640067,1
6,2,1,6,1,540,0.73265517,1
6,2,1,6,1,500,0.6936869,1
6,2,0,6,0,620,0.72923374,1
6,2,1,6,1,530,0.72413045,1
6,2,1,6,1,570,0.7562997,1
6,2,0,6,0,600,0.71608555,1
6,2,0,6,0,570,0.6935941,1
6,2,0,6,0,530,0.65695786,1
6,2,0,6,0,580,0.7024453,1
6,2,0,6,1,520,0.64901626,1
6,3,0,5,0,580,0.6511398,1
6,3,0,5,1,540,0.6205234,1
6,3,1,5,1,500,0.65788305,1
6,3,1,5,1,620,0.731635,1
6,3,0,5,0,530,0.614913,1
6,3,1,5,0,570,0.7011644,1
6,3,0,5,1,600,0.6662025,1
6,3,1,5,0,570,0.7011644,1
6,3,1,5,0,530,0.6761545,1
6,3,0,5,1,580,0.6511398,1
6,3,1,5,0,520,0.66980135,1
7,1,0,8,0,580,0.76131964,1
7,1,0,8,1,540,0.7258952,1
7,1,1,8,1,500,0.7486277,1
7,1,1,8,1,620,0.82892513,1
7,1,0,8,0,530,0.71642613,1
7,1,1,8,1,570,0.8042319,1
7,1,0,8,1,600,0.77411187,1
7,1,0,8,1,570,0.75305897,1
7,1,1,8,1,530,0.77734613,1
7,1,0,8,0,580,0.76131964,1
7,1,1,8,1,520,0.7683007,1
7,2,1,9,1,580,0.831205,1
7,2,1,9,1,540,0.805109,1
7,2,0,9,1,500,0.7226725,1
7,2,0,9,0,620,0.80776435,1
7,2,0,9,1,530,0.74652934,1
7,2,1,9,0,570,0.82495385,1
7,2,0,9,1,600,0.7974267,1
7,2,1,9,1,570,0.82495385,1
7,2,1,9,1,530,0.79812616,1
7,2,0,9,1,580,0.78595644,1
7,2,0,9,1,520,0.7383884,1
7,3,1,6,1,580,0.7436144,1
7,3,0,6,0,540,0.6624961,1
7,3,1,6,1,500,0.6986039,1
7,3,1,6,1,620,0.7665917,1
7,3,1,6,1,530,0.7152382,1
7,3,1,6,1,570,0.73665965,1
7,3,0,6,0,600,0.7028952,1
7,3,0,6,0,570,0.681816,1
7,3,0,6,0,530,0.65716344,1
7,3,0,6,0,580,0.68856555,1
7,3,1,6,1,520,0.709322,1
8,1,0,8,1,580,0.7533079,1
8,1,1,8,1,540,0.78257143,1
8,1,1,8,1,500,0.74720055,1
8,1,0,8,0,620,0.77857405,1
8,1,0,8,0,530,0.71607673,1
8,1,1,8,1,570,0.8010767,1
8,1,1,8,1,600,0.817203,1
8,1,0,8,1,570,0.74538076,1
8,1,0,8,1,530,0.71607673,1
8,1,0,8,0,580,0.7533079,1
8,1,0,8,1,520,0.7080169,1
8,2,1,7,1,580,0.7894948,1
8,2,0,7,1,540,0.7001994,1
8,2,0,7,0,500,0.6690661,1
8,2,0,7,1,620,0.7563214,1
8,2,0,7,1,530,0.6928909,1
8,2,1,7,1,570,0.78323644,1
8,2,0,7,0,600,0.745734,1
8,2,0,7,0,570,0.7225435,1
8,2,1,7,1,530,0.75655127,1
8,2,0,7,0,580,0.7305539,1
8,2,0,7,1,520,0.68548006,1
8,3,1,5,1,580,0.7125333,1
8,3,1,5,1,540,0.6970433,1
8,3,0,5,1,500,0.6210608,1
8,3,1,5,1,620,0.7276592,1
8,3,1,5,0,530,0.6930724,1
8,3,0,5,1,570,0.6546391,1
8,3,0,5,0,600,0.66723347,1
8,3,0,5,0,570,0.6546391,1
8,3,0,5,0,530,0.6375057,1
8,3,0,5,0,580,0.6588626,1
8,3,1,5,0,520,0.68907267,1
9,1,0,10,1,580,0.804795,1
9,1,1,10,1,540,0.8244441,1
9,1,0,10,1,500,0.7431544,1
9,1,0,10,1,620,0.8263122,1
9,1,1,10,1,530,0.8191105,1
9,1,0,10,1,570,0.797639,1
9,1,0,10,1,600,0.81678295,1
9,1,0,10,1,570,0.797639,1
9,1,0,10,1,530,0.766996,1
9,1,0,10,0,580,0.804795,1
9,1,1,10,1,520,0.8124823,1
9,2,0,5,0,580,0.6721292,1
9,2,1,5,1,540,0.6897806,1
9,2,1,5,0,500,0.64681935,1
9,2,0,5,0,620,0.6980454,1
9,2,0,5,1,530,0.6296869,1
9,2,1,5,1,570,0.71647525,1
9,2,1,5,0,600,0.7390404,1
9,2,0,5,0,570,0.66413134,1
9,2,0,5,1,530,0.6296869,1
9,2,0,5,0,580,0.6721292,1
9,2,0,5,1,520,0.6185956,1
9,3,1,10,1,580,0.84959793,1
9,3,1,10,1,540,0.8241897,1
9,3,0,10,1,500,0.74439836,1
9,3,0,10,1,620,0.8253558,1
9,3,0,10,1,530,0.76682997,1
9,3,1,10,1,570,0.843544,1
9,3,0,10,1,600,0.8171518,1
9,3,1,10,1,570,0.843544,1
9,3,0,10,0,530,0.76682997,1
9,3,1,10,1,580,0.84959793,1
9,3,1,10,1,520,0.8102702,1
10,1,1,7,0,580,0.77857417,1
10,1,0,7,1,540,0.6908943,1
10,1,0,7,0,500,0.64290476,1
10,1,1,7,1,620,0.8030226,1
10,1,1,7,1,530,0.73582864,1
10,1,1,7,1,570,0.77144104,1
10,1,1,7,1,600,0.7927604,1
10,1,1,7,0,570,0.77144104,1
10,1,0,7,1,530,0.6793086,1
10,1,0,7,0,580,0.7279211,1
10,1,0,7,1,520,0.66736966,1
10,2,1,10,1,580,0.8501628,1
10,2,1,10,1,540,0.82957906,1
10,2,0,10,1,500,0.7498615,1
10,2,1,10,1,620,0.86533105,1
10,2,1,10,1,530,0.82427055,1
10,2,1,10,1,570,0.8449793,1
10,2,1,10,1,600,0.859249,1
10,2,0,10,1,570,0.8000169,1
10,2,1,10,1,530,0.82427055,1
10,2,0,10,0,580,0.8062304,1
10,2,1,10,1,520,0.8188327,1
10,3,1,10,1,580,0.8485335,1
10,3,1,10,1,540,0.82549745,1
10,3,1,10,1,500,0.79941636,1
10,3,1,10,1,620,0.86524606,1
10,3,0,10,1,530,0.7665137,1
10,3,1,10,1,570,0.84301984,1
10,3,1,10,1,600,0.85850596,1
10,3,1,10,1,570,0.84301984,1
10,3,0,10,1,530,0.7665137,1
10,3,0,10,1,580,0.803464,1
10,3,0,10,0,520,0.75922483,1
11,1,0,5,0,580,0.6490379,1
11,1,0,5,0,540,0.6041771,1
11,1,0,5,0,500,0.5549447,1
11,1,0,5,0,620,0.6859572,1
11,1,0,5,0,530,0.59206027,1
11,1,0,5,0,570,0.6395585,1
11,1,1,5,1,600,0.71667606,1
11,1,0,5,1,570,0.6395585,1
11,1,0,5,1,530,0.59206027,1
11,1,1,5,1,580,0.6954794,1
11,1,1,5,1,520,0.6257347,1
11,2,1,8,1,580,0.8073449,1
11,2,0,8,1,540,0.72170967,1
11,2,1,8,0,500,0.7457827,1
11,2,1,8,1,620,0.8285106,1
11,2,1,8,0,530,0.77373755,1
11,2,1,8,1,570,0.80121166,1
11,2,0,8,1,600,0.76782674,1
11,2,1,8,1,570,0.80121166,1
11,2,1,8,1,530,0.77373755,1
11,2,0,8,1,580,0.75249255,1
11,2,0,8,0,520,0.705153,1
11,3,0,6,1,580,0.7040978,1
11,3,1,6,0,540,0.7284068,1
11,3,1,6,1,500,0.69322383,1
11,3,0,6,1,620,0.72232586,1
11,3,1,6,0,530,0.7218218,1
11,3,0,6,0,570,0.6992654,1
11,3,1,6,1,600,0.75668514,1
11,3,0,6,0,570,0.6992654,1
11,3,1,6,1,530,0.7218218,1
11,3,0,6,1,580,0.7040978,1
11,3,0,6,1,520,0.6610791,1
12,1,0,9,1,580,0.7771367,1
12,1,1,9,1,540,0.79475254,1
12,1,0,9,0,500,0.7025204,1
12,1,0,9,1,620,0.80205375,1
12,1,0,9,1,530,0.73539734,1
12,1,1,9,0,570,0.8173161,1
12,1,0,9,1,600,0.79088765,1
12,1,0,9,1,570,0.7693597,1
12,1,1,9,1,530,0.78629166,1
12,1,0,9,1,580,0.7771367,1
12,1,0,9,1,520,0.7247001,1
12,2,0,6,0,580,0.6918115,1
12,2,0,6,1,540,0.65735286,1
12,2,0,6,0,500,0.6119845,1
12,2,1,6,0,620,0.77014947,1
12,2,0,6,0,530,0.64666486,1
12,2,1,6,1,570,0.7298264,1
12,2,1,6,1,600,0.75493944,1
12,2,1,6,1,570,0.7298264,1
12,2,1,6,0,530,0.6868003,1
12,2,1,6,1,580,0.73864263,1
12,2,1,6,1,520,0.6753909,1
12,3,1,8,0,580,0.80868864,1
12,3,1,8,0,540,0.7834691,1
12,3,1,8,1,500,0.7542189,1
12,3,1,8,1,620,0.8282267,1
12,3,1,8,1,530,0.7768005,1
12,3,1,8,1,570,0.8026014,1
12,3,1,8,1,600,0.8204307,1
12,3,1,8,1,570,0.8026014,1
12,3,0,8,1,530,0.72226274,1
12,3,1,8,1,580,0.80868864,1
12,3,1,8,1,520,0.7704529,1
13,1,0,5,1,580,0.6340134,1
13,1,0,5,1,540,0.5863162,1
13,1,0,5,0,500,0.53694063,1
13,1,1,5,1,620,0.72177756,1
13,1,0,5,0,530,0.5741434,1
13,1,0,5,0,570,0.62215376,1
13,1,0,5,0,600,0.65464604,1
13,1,0,5,0,570,0.62215376,1
13,1,1,5,0,530,0.61829436,1
13,1,1,5,1,580,0.67762196,1
13,1,1,5,1,520,0.60592264,1
13,2,0,8,0,580,0.7526069,1
13,2,1,8,1,540,0.7668533,1
13,2,0,8,1,500,0.6783867,1
13,2,1,8,0,620,0.8218895,1
13,2,1,8,0,530,0.75806975,1
13,2,1,8,1,570,0.79049563,1
13,2,1,8,1,600,0.8096189,1
13,2,1,8,1,570,0.79049563,1
13,2,1,8,1,530,0.75806975,1
13,2,1,8,1,580,0.7970533,1
13,2,1,8,1,520,0.74906373,1
13,3,0,9,1,580,0.7772731,1
13,3,0,9,1,540,0.75217766,1
13,3,1,9,1,500,0.7771523,1
13,3,0,9,0,620,0.80398786,1
13,3,0,9,0,530,0.74567235,1
13,3,1,9,1,570,0.82277447,1
13,3,0,9,1,600,0.79067475,1
13,3,1,9,1,570,0.82277447,1
13,3,1,9,1,530,0.7989501,1
13,3,0,9,1,580,0.7772731,1
13,3,0,9,1,520,0.7390554,1
14,1,0,10,0,580,0.79936266,1
14,1,1,10,1,540,0.8132618,1
14,1,0,10,0,500,0.7287806,1
14,1,0,10,1,620,0.82509947,1
14,1,1,10,1,530,0.80487734,1
14,1,0,10,0,570,0.7920091,1
14,1,0,10,1,600,0.81316876,1
14,1,0,10,1,570,0.7920091,1
14,1,0,10,1,530,0.7597478,1
14,1,1,10,1,580,0.8407681,1
14,1,0,10,1,520,0.7497,1
14,2,1,6,0,580,0.7238159,1
14,2,1,6,1,540,0.6799377,1
14,2,0,6,0,500,0.59560573,1
14,2,1,6,1,620,0.7567329,1
14,2,0,6,0,530,0.63114494,1
14,2,1,6,1,570,0.7131996,1
14,2,1,6,0,600,0.74055505,1
14,2,1,6,1,570,0.7131996,1
14,2,1,6,1,530,0.66885227,1
14,2,1,6,1,580,0.7238159,1
14,2,0,6,0,520,0.6194352,1
14,3,0,9,1,580,0.77778345,1
14,3,0,9,0,540,0.7500448,1
14,3,0,9,1,500,0.72145915,1
14,3,0,9,1,620,0.8050553,1
14,3,1,9,1,530,0.79668313,1
14,3,1,9,0,570,0.8195323,1
14,3,0,9,1,600,0.79151213,1
14,3,0,9,1,570,0.77106065,1
14,3,1,9,1,530,0.79668313,1
14,3,1,9,1,580,0.8248364,1
14,3,0,9,1,520,0.73651874,1
15,1,0,6,1,580,0.65714836,1
15,1,0,6,0,540,0.61080295,1
15,1,1,6,1,500,0.60758305,1
15,1,1,6,1,620,0.7434873,1
15,1,0,6,1,530,0.5988578,1
15,1,1,6,0,570,0.6901171,1
15,1,0,6,0,600,0.6776195,1
15,1,1,6,1,570,0.6901171,1
15,1,1,6,1,530,0.64387584,1
15,1,1,6,0,580,0.7011492,1
15,1,1,6,0,520,0.6318395,1
15,2,0,5,1,580,0.6383065,1
15,2,0,5,1,540,0.5930067,1
15,2,0,5,0,500,0.544007,1
15,2,0,5,0,620,0.6776598,1
15,2,0,5,1,530,0.58088994,1
15,2,1,5,1,570,0.67015815,1
15,2,1,5,0,600,0.70390207,1
15,2,0,5,0,570,0.62863165,1
15,2,0,5,0,530,0.58088994,1
15,2,1,5,1,580,0.68165684,1
15,2,0,5,0,520,0.5686749,1
15,3,0,9,1,580,0.7787248,1
15,3,0,9,0,540,0.75195587,1
15,3,1,9,1,500,0.76385343,1
15,3,0,9,1,620,0.80341196,1
15,3,0,9,1,530,0.7445672,1
15,3,0,9,1,570,0.77244693,1
15,3,0,9,1,600,0.7909055,1
15,3,1,9,1,570,0.81242204,1
15,3,1,9,1,530,0.78860646,1
15,3,1,9,0,580,0.8183628,1
15,3,1,9,1,520,0.7809014,1
16,1,0,8,1,580,0.729613,1
16,1,1,8,0,540,0.72900033,1
16,1,1,8,1,500,0.6873821,1
16,1,1,8,1,620,0.8003477,1
16,1,1,8,0,530,0.71892667,1
16,1,1,8,0,570,0.758594,1
16,1,1,8,1,600,0.78605634,1
16,1,0,8,1,570,0.7208952,1
16,1,0,8,1,530,0.6785811,1
16,1,1,8,1,580,0.7680079,1
16,1,0,8,1,520,0.6674884,1
16,2,0,7,1,580,0.7035659,1
16,2,0,7,0,540,0.6657544,1
16,2,0,7,1,500,0.61989933,1
16,2,0,7,1,620,0.7358584,1
16,2,1,7,0,530,0.6913524,1
16,2,0,7,1,570,0.69521916,1
16,2,0,7,1,600,0.7198549,1
16,2,1,7,0,570,0.7335942,1
16,2,0,7,1,530,0.6545417,1
16,2,0,7,0,580,0.7035659,1
16,2,1,7,1,520,0.68049294,1
16,3,0,5,0,580,0.6479601,1
16,3,0,5,0,540,0.6083347,1
16,3,0,5,1,500,0.5598107,1
16,3,0,5,0,620,0.6840652,1
16,3,0,5,0,530,0.5963637,1
16,3,0,5,0,570,0.6388513,1
16,3,1,5,1,600,0.712254,1
16,3,0,5,1,570,0.6388513,1
16,3,0,5,1,530,0.5963637,1
16,3,0,5,1,580,0.6479601,1
16,3,1,5,0,520,0.6242938,1
17,1,1,7,1,580,0.72365963,1
17,1,0,7,0,540,0.6358589,1
17,1,0,7,1,500,0.5880205,1
17,1,0,7,1,620,0.7202519,1
17,1,0,7,1,530,0.6241084,1
17,1,0,7,1,570,0.67010725,1
17,1,0,7,0,600,0.7015648,1
17,1,0,7,0,570,0.67010725,1
17,1,1,7,1,530,0.6686617,1
17,1,0,7,0,580,0.6811545,1
17,1,1,7,1,520,0.65701675,1
17,2,1,9,1,580,0.80317867,1
17,2,1,9,0,540,0.7698751,1
17,2,1,9,0,500,0.7322287,1
17,2,1,9,1,620,0.8301908,1
17,2,0,9,1,530,0.7223474,1
17,2,1,9,1,570,0.79619557,1
17,2,1,9,1,600,0.817074,1
17,2,0,9,1,570,0.7554995,1
17,2,0,9,0,530,0.7223474,1
17,2,1,9,1,580,0.80317867,1
17,2,1,9,1,520,0.7515289,1
17,3,1,8,1,580,0.78111345,1
17,3,1,8,1,540,0.7491521,1
17,3,0,8,1,500,0.6733159,1
17,3,1,8,0,620,0.80744827,1
17,3,0,8,0,530,0.70395446,1
17,3,1,8,0,570,0.77383965,1
17,3,1,8,1,600,0.7947887,1
17,3,0,8,1,570,0.73563844,1
17,3,0,8,1,530,0.70395446,1
17,3,0,8,1,580,0.7431112,1
17,3,0,8,1,520,0.6947428,1
18,1,0,8,1,580,0.71357965,1
18,1,1,8,1,540,0.7121111,1
18,1,0,8,0,500,0.6246987,1
18,1,0,8,0,620,0.7481647,1
18,1,1,8,1,530,0.7013111,1
18,1,1,8,0,570,0.74307036,1
18,1,0,8,1,600,0.7315934,1
18,1,0,8,1,570,0.70316637,1
18,1,0,8,1,530,0.65943444,1
18,1,0,8,1,580,0.71357965,1
18,1,1,8,1,520,0.69045526,1
18,2,1,8,1,580,0.76403975,1
18,2,0,8,0,540,0.68804103,1
18,2,0,8,1,500,0.6436066,1
18,2,1,8,1,620,0.79487544,1
18,2,0,8,0,530,0.67721343,1
18,2,1,8,1,570,0.7545164,1
18,2,0,8,0,600,0.7406558,1
18,2,0,8,1,570,0.71713054,1
18,2,0,8,1,530,0.67721343,1
18,2,1,8,1,580,0.76403975,1
18,2,0,8,1,520,0.66619265,1
18,3,0,6,0,580,0.6716644,1
18,3,0,6,0,540,0.6323355,1
18,3,1,6,0,500,0.6243827,1
18,3,1,6,0,620,0.74942464,1
18,3,0,6,1,530,0.6206406,1
18,3,1,6,1,570,0.7050244,1
18,3,0,6,1,600,0.6894647,1
18,3,1,6,1,570,0.7050244,1
18,3,1,6,0,530,0.65956485,1
18,3,1,6,1,580,0.7158233,1
18,3,0,6,1,520,0.608804,1
19,1,0,7,1,580,0.66467893,1
19,1,1,7,1,540,0.6617832,1
19,1,1,7,1,500,0.61368084,1
19,1,1,7,0,620,0.75045276,1
19,1,1,7,0,530,0.6500231,1
19,1,1,7,0,570,0.69584316,1
19,1,0,7,1,600,0.68892366,1
19,1,1,7,0,570,0.69584316,1
19,1,1,7,1,530,0.6500231,1
19,1,1,7,0,580,0.706758,1
19,1,1,7,1,520,0.6380779,1
19,2,0,8,1,580,0.71937054,1
19,2,1,8,0,540,0.71606344,1
19,2,1,8,1,500,0.6731533,1
19,2,1,8,0,620,0.78914505,1
19,2,1,8,1,530,0.7055184,1
19,2,0,8,1,570,0.71128607,1
19,2,1,8,1,600,0.77445763,1
19,2,1,8,1,570,0.746749,1
19,2,1,8,0,530,0.7055184,1
19,2,1,8,1,580,0.7564766,1
19,2,1,8,1,520,0.69493747,1
19,3,0,6,1,580,0.66532844,1
19,3,0,6,0,540,0.6238663,1
19,3,0,6,0,500,0.5759252,1
19,3,0,6,1,620,0.70189553,1
19,3,0,6,1,530,0.61206746,1
19,3,0,6,1,570,0.6564214,1
19,3,0,6,0,600,0.68385977,1
19,3,1,6,1,570,0.69797325,1
19,3,0,6,0,530,0.61206746,1
19,3,0,6,1,580,0.66532844,1
19,3,1,6,0,520,0.6399586,1
20,1,1,7,1,580,0.6980841,1
20,1,0,7,1,540,0.60917574,1
20,1,0,7,0,500,0.5606806,1
20,1,0,7,0,620,0.705203,1
20,1,1,7,1,530,0.6405244,1
20,1,0,7,0,570,0.6452087,1
20,1,1,7,1,600,0.72127986,1
20,1,1,7,0,570,0.68698937,1
20,1,1,7,1,530,0.6405244,1
20,1,1,7,1,580,0.6980841,1
20,1,1,7,1,520,0.6284404,1
20,2,1,8,1,580,0.74992484,1
20,2,1,8,1,540,0.7085241,1
20,2,1,8,1,500,0.66472095,1
20,2,1,8,0,620,0.7842648,1
20,2,0,8,1,530,0.6611628,1
20,2,1,8,1,570,0.7399514,1
20,2,0,8,0,600,0.72963405,1
20,2,0,8,1,570,0.70441335,1
20,2,0,8,1,530,0.6611628,1
20,2,0,8,0,580,0.71355414,1
20,2,1,8,1,520,0.6866202,1
20,3,0,5,0,580,0.6233824,1
20,3,0,5,1,540,0.57329,1
20,3,0,5,1,500,0.5238231,1
20,3,0,5,0,620,0.66588074,1
20,3,0,5,0,530,0.5610209,1
20,3,1,5,0,570,0.6537564,1
20,3,1,5,1,600,0.6900043,1
20,3,0,5,1,570,0.6109689,1
20,3,0,5,0,530,0.5610209,1
20,3,1,5,1,580,0.66554135,1
20,3,0,5,0,520,0.54867667,1
21,1,0,5,1,580,0.5764516,1
21,1,0,5,0,540,0.5201105,1
21,1,0,5,0,500,0.46508166,0
21,1,0,5,0,620,0.6299654,1
21,1,0,5,0,530,0.50588745,1
21,1,1,5,1,570,0.60674006,1
21,1,0,5,1,600,0.6039839,1
21,1,1,5,0,570,0.60674006,1
21,1,1,5,1,530,0.5512917,1
21,1,0,5,0,580,0.5764516,1
21,1,1,5,1,520,0.5372549,1
21,2,1,5,1,580,0.63963306,1
21,2,1,5,1,540,0.58646184,1
21,2,0,5,0,500,0.48973647,0
21,2,0,5,0,620,0.6489648,1
21,2,1,5,1,530,0.57367504,1
21,2,0,5,1,570,0.58285326,1
21,2,1,5,0,600,0.66544217,1
21,2,1,5,1,570,0.6264081,1
21,2,0,5,0,530,0.52813435,1
21,2,1,5,0,580,0.63963306,1
21,2,0,5,1,520,0.5150356,1
21,3,1,6,1,580,0.69483244,1
21,3,0,6,0,540,0.6067037,1
21,3,0,6,1,500,0.55812436,1
21,3,0,6,0,620,0.6928533,1
21,3,0,6,0,530,0.594716,1
21,3,0,6,0,570,0.64247197,1
21,3,1,6,1,600,0.7166817,1
21,3,0,6,0,570,0.64247197,1
21,3,0,6,1,530,0.594716,1
21,3,1,6,1,580,0.69483244,1
21,3,1,6,1,520,0.62429833,1
22,1,1,5,0,580,0.6133167,1
22,1,1,5,1,540,0.55812025,1
22,1,1,5,1,500,0.5026573,1
22,1,0,5,0,620,0.62311745,1
22,1,0,5,1,530,0.4985654,0
22,1,0,5,0,570,0.5552733,1
22,1,1,5,0,600,0.6399494,1
22,1,1,5,1,570,0.5997301,1
22,1,1,5,0,530,0.54403615,1
22,1,1,5,0,580,0.6133167,1
22,1,1,5,1,520,0.5298816,1
22,2,0,8,0,580,0.699865,1
22,2,1,8,1,540,0.69442225,1
22,2,0,8,1,500,0.6096933,1
22,2,1,8,1,620,0.77583027,1
22,2,1,8,1,530,0.6831703,1
22,2,1,8,0,570,0.7267837,1
22,2,1,8,1,600,0.7569174,1
22,2,1,8,1,570,0.7267837,1
22,2,0,8,1,530,0.6447329,1
22,2,1,8,1,580,0.73708254,1
22,2,0,8,0,520,0.6332035,1
22,3,1,9,1,580,0.78466034,1
22,3,0,9,1,540,0.71515596,1
22,3,0,9,1,500,0.6727469,1
22,3,1,9,1,620,0.81182414,1
22,3,0,9,1,530,0.70486593,1
22,3,0,9,1,570,0.7408134,1
22,3,1,9,1,600,0.7985846,1
22,3,1,9,1,570,0.77588266,1
22,3,1,9,1,530,0.73816353,1
22,3,1,9,1,580,0.78466034,1
22,3,0,9,0,520,0.69436336,1
23,1,1,7,1,580,0.6783952,1
23,1,1,7,1,540,0.6280203,1
23,1,1,7,1,500,0.5777998,1
23,1,0,7,0,620,0.68809783,1
23,1,1,7,1,530,0.6156765,1
23,1,1,7,1,570,0.66584957,1
23,1,0,7,0,600,0.6632777,1
23,1,1,7,1,570,0.66584957,1
23,1,0,7,0,530,0.5712694,1
23,1,1,7,1,580,0.6783952,1
23,1,1,7,0,520,0.6031817,1
23,2,0,10,1,580,0.7599887,1
23,2,1,10,1,540,0.75862336,1
23,2,0,10,1,500,0.6810625,1
23,2,0,10,0,620,0.7885291,1
23,2,0,10,1,530,0.71271396,1
23,2,1,10,1,570,0.78603196,1
23,2,1,10,1,600,0.81115025,1
23,2,0,10,1,570,0.751854,1
23,2,0,10,1,530,0.71271396,1
23,2,0,10,1,580,0.7599887,1
23,2,1,10,1,520,0.7396835,1
23,3,0,9,0,580,0.7429332,1
23,3,1,9,1,540,0.7409032,1
23,3,1,9,1,500,0.70061857,1
23,3,1,9,1,620,0.80781204,1
23,3,0,9,1,530,0.6972679,1
23,3,0,9,1,570,0.73527783,1
23,3,1,9,1,600,0.79436177,1
23,3,0,9,1,570,0.73527783,1
23,3,0,9,0,530,0.6972679,1
23,3,0,9,1,580,0.7429332,1
23,3,1,9,1,520,0.72115684,1
24,1,0,9,1,580,0.701353,1
24,1,1,9,1,540,0.700478,1
24,1,0,9,1,500,0.6101132,1
24,1,0,9,1,620,0.7459139,1
24,1,1,9,1,530,0.68943197,1
24,1,0,9,1,570,0.69032484,1
24,1,0,9,0,600,0.7238042,1
24,1,1,9,1,570,0.7322182,1
24,1,1,9,1,530,0.68943197,1
24,1,0,9,1,580,0.701353,1
24,1,0,9,0,520,0.63364923,1
24,2,1,5,1,580,0.61914134,1
24,2,1,5,1,540,0.5641859,1
24,2,0,5,1,500,0.4635998,0
24,2,0,5,0,620,0.6297868,1
24,2,0,5,0,530,0.50472295,1
24,2,1,5,0,570,0.60562783,1
24,2,1,5,0,600,0.64560467,1
24,2,1,5,1,570,0.60562783,1
24,2,1,5,0,530,0.55013895,1
24,2,1,5,1,580,0.61914134,1
24,2,0,5,0,520,0.4904905,0
24,3,0,7,1,580,0.66951126,1
24,3,0,7,1,540,0.62225986,1
24,3,0,7,0,500,0.5742537,1
24,3,1,7,1,620,0.75158316,1
24,3,0,7,0,530,0.6104418,1
24,3,0,7,0,570,0.65779406,1
24,3,1,7,1,600,0.73054785,1
24,3,0,7,0,570,0.65779406,1
24,3,0,7,1,530,0.6104418,1
24,3,0,7,1,580,0.66951126,1
24,3,1,7,1,520,0.639963,1
25,1,0,7,0,580,0.6237482,1
25,1,0,7,0,540,0.56899464,1
25,1,1,7,1,500,0.56128937,1
25,1,0,7,0,620,0.6753991,1
25,1,1,7,1,530,0.59962064,1
25,1,0,7,0,570,0.6102952,1
25,1,1,7,1,600,0.6903375,1
25,1,1,7,1,570,0.65269226,1
25,1,1,7,1,530,0.59962064,1
25,1,1,7,1,580,0.6654837,1
25,1,1,7,1,520,0.58695453,1
25,2,1,10,1,580,0.78079134,1
25,2,1,10,1,540,0.74304277,1
25,2,0,10,1,500,0.66510856,1
25,2,0,10,0,620,0.77913934,1
25,2,0,10,1,530,0.6976402,1
25,2,1,10,1,570,0.77174217,1
25,2,1,10,1,600,0.7981067,1
25,2,1,10,1,570,0.77174217,1
25,2,0,10,1,530,0.6976402,1
25,2,1,10,1,580,0.78079134,1
25,2,1,10,1,520,0.7226891,1
25,3,1,10,1,580,0.79603547,1
25,3,0,10,1,540,0.72834325,1
25,3,0,10,1,500,0.68703866,1
25,3,1,10,1,620,0.82355314,1
25,3,1,10,1,530,0.7506569,1
25,3,1,10,1,570,0.78737956,1
25,3,1,10,1,600,0.81094646,1
25,3,1,10,1,570,0.78737956,1
25,3,1,10,1,530,0.7506569,1
25,3,1,10,0,580,0.79603547,1
25,3,0,10,1,520,0.7081202,1
26,1,1,5,1,580,0.5851907,1
26,1,0,5,1,540,0.48351595,0
26,1,1,5,0,500,0.47218934,0
26,1,1,5,1,620,0.63919145,1
26,1,1,5,0,530,0.51485705,1
26,1,0,5,0,570,0.5261869,1
26,1,1,5,1,600,0.61253655,1
26,1,1,5,0,570,0.5713064,1
26,1,0,5,0,530,0.4693147,0
26,1,1,5,1,580,0.5851907,1
26,1,0,5,0,520,0.45516345,0
26,2,0,8,1,580,0.67186195,1
26,2,0,8,1,540,0.62292176,1
26,2,1,8,1,500,0.61684746,1
26,2,0,8,1,620,0.7197622,1
26,2,0,8,0,530,0.61086166,1
26,2,0,8,0,570,0.65918934,1
26,2,1,8,1,600,0.7335732,1
26,2,1,8,1,570,0.699236,1
26,2,0,8,0,530,0.61086166,1
26,2,0,8,1,580,0.67186195,1
26,2,1,8,1,520,0.6413391,1
26,3,1,5,1,580,0.62493193,1
26,3,0,5,0,540,0.5250932,1
26,3,0,5,0,500,0.4704993,0
26,3,1,5,1,620,0.6766183,1
26,3,1,5,1,530,0.5562268,1
26,3,0,5,0,570,0.5674023,1
26,3,0,5,0,600,0.6087504,1
26,3,1,5,0,570,0.6114949,1
26,3,0,5,1,530,0.51087886,1
26,3,0,5,0,580,0.58132005,1
26,3,0,5,1,520,0.49671313,0
27,1,1,5,0,580,0.5780635,1
27,1,1,5,0,540,0.52175903,1
27,1,0,5,1,500,0.41994753,0
27,1,1,5,1,620,0.63240945,1
27,1,0,5,0,530,0.46202743,0
27,1,1,5,1,570,0.5641187,1
27,1,1,5,1,600,0.60556275,1
27,1,0,5,0,570,0.51887965,1
27,1,1,5,0,530,0.5075385,1
27,1,0,5,0,580,0.5330737,1
27,1,0,5,1,520,0.44791028,0
27,2,0,7,0,580,0.62951076,1
27,2,1,7,1,540,0.61886233,1
27,2,0,7,1,500,0.52255684,1
27,2,0,7,0,620,0.6808882,1
27,2,1,7,1,530,0.6062567,1
27,2,1,7,0,570,0.65825444,1
27,2,0,7,1,600,0.65565443,1
27,2,1,7,1,570,0.65825444,1
27,2,1,7,1,530,0.6062567,1
27,2,1,7,1,580,0.67094445,1
27,2,0,7,0,520,0.5485719,1
27,3,0,8,1,580,0.6842446,1
27,3,1,8,1,540,0.6786485,1
27,3,1,8,1,500,0.6312498,1
27,3,0,8,0,620,0.72622544,1
27,3,0,8,1,530,0.62594146,1
27,3,1,8,1,570,0.7119874,1
27,3,0,8,0,600,0.70742077,1
27,3,1,8,1,570,0.7119874,1
27,3,1,8,1,530,0.6670939,1
27,3,1,8,1,580,0.7226313,1
27,3,0,8,0,520,0.6141672,1
28,1,0,10,0,580,0.70873606,1
28,1,0,10,1,540,0.66309756,1
28,1,1,10,1,500,0.66106606,1
28,1,1,10,1,620,0.7878781,1
28,1,0,10,1,530,0.6518423,1
28,1,1,10,1,570,0.7374623,1
28,1,1,10,1,600,0.76836234,1
28,1,1,10,1,570,0.7374623,1
28,1,1,10,1,530,0.6951653,1
28,1,0,10,1,580,0.70873606,1
28,1,1,10,1,520,0.68401146,1
28,2,1,7,0,580,0.66444594,1
28,2,0,7,0,540,0.5678519,1
28,2,0,7,1,500,0.5140551,1
28,2,1,7,1,620,0.7131859,1
28,2,1,7,1,530,0.59832656,1
28,2,0,7,0,570,0.6091867,1
28,2,1,7,1,600,0.6893407,1
28,2,1,7,1,570,0.65163517,1
28,2,1,7,1,530,0.59832656,1
28,2,1,7,1,580,0.66444594,1
28,2,1,7,0,520,0.58550936,1
28,3,1,5,1,580,0.6111043,1
28,3,0,5,1,540,0.510468,1
28,3,1,5,0,500,0.49967837,0
28,3,1,5,0,620,0.66367066,1
28,3,0,5,1,530,0.49623594,0
28,3,0,5,1,570,0.5529708,1
28,3,1,5,0,600,0.6377997,1
28,3,1,5,0,570,0.5974912,1
28,3,0,5,0,530,0.49623594,0
28,3,1,5,0,580,0.6111043,1
28,3,1,5,1,520,0.5275596,1
29,1,0,5,0,580,0.5184691,1
29,1,0,5,0,540,0.4616187,0
29,1,1,5,1,500,0.45035765,0
29,1,0,5,0,620,0.5739369,1
29,1,0,5,0,530,0.4475035,0
29,1,1,5,1,570,0.54966486,1
29,1,0,5,0,600,0.5468073,1
29,1,0,5,0,570,0.50424385,1
29,1,1,5,1,530,0.49289486,0
29,1,1,5,1,580,0.56371427,1
29,1,0,5,1,520,0.43347242,0
29,2,1,8,1,580,0.6923419,1
29,2,1,8,0,540,0.6422506,1
29,2,0,8,1,500,0.54790753,1
29,2,0,8,1,620,0.7019265,1
29,2,1,8,1,530,0.6301008,1
29,2,1,8,0,570,0.6800838,1
29,2,0,8,0,600,0.6775683,1
29,2,0,8,1,570,0.63918215,1
29,2,0,8,1,530,0.5862405,1
29,2,0,8,1,580,0.65220624,1
29,2,0,8,0,520,0.57345164,1
29,3,1,9,1,580,0.7424226,1
29,3,0,9,1,540,0.6607766,1
29,3,0,9,0,500,0.614634,1
29,3,0,9,1,620,0.74611723,1
29,3,1,9,1,530,0.6891435,1
29,3,0,9,1,570,0.6946388,1
29,3,0,9,0,600,0.72771084,1
29,3,1,9,1,570,0.73225653,1
29,3,1,9,1,530,0.6891435,1
29,3,0,9,1,580,0.7056591,1
29,3,1,9,1,520,0.6777871,1
30,1,1,10,1,580,0.73360986,1
30,1,0,10,1,540,0.64771086,1
30,1,1,10,0,500,0.64222896,1
30,1,1,10,1,620,0.7756951,1
30,1,1,10,1,530,0.67729807,1
30,1,1,10,1,570,0.7223364,1
30,1,1,10,1,600,0.7552634,1
30,1,1,10,1,570,0.7223364,1
30,1,1,10,1,530,0.67729807,1
30,1,1,10,1,580,0.73360986,1
30,1,0,10,1,520,0.6235518,1
30,2,1,7,1,580,0.65126187,1
30,2,0,7,0,540,0.5534237,1
30,2,1,7,0,500,0.54316443,1
30,2,1,7,1,620,0.7010556,1
30,2,1,7,1,530,0.5841709,1
30,2,0,7,0,570,0.59515494,1
30,2,1,7,1,600,0.6766589,1
30,2,1,7,1,570,0.6382225,1
30,2,1,7,1,530,0.5841709,1
30,2,0,7,0,580,0.6087952,1
30,2,1,7,1,520,0.5702779,1
30,3,0,7,0,580,0.62842363,1
30,3,0,7,1,540,0.5738857,1
30,3,1,7,0,500,0.5666406,1
30,3,1,7,0,620,0.71819764,1
30,3,0,7,1,530,0.5600688,1
30,3,0,7,1,570,0.61503464,1
30,3,1,7,1,600,0.6945905,1
30,3,0,7,1,570,0.61503464,1
30,3,1,7,0,530,0.6048336,1
30,3,1,7,1,580,0.66991484,1
30,3,0,7,1,520,0.54709613,1
