id,day,shift,worker_id,preference,requirements,assigned,singleWorkerFitness,finalWorkerPenalty,finalFitnness
0,1,1,1,0,7,0,550,850,5180
1,1,1,2,0,7,0,570,850,5180
2,1,1,3,0,7,1,480,850,5180
3,1,1,4,0,7,0,580,850,5180
4,1,1,5,0,7,0,530,850,5180
5,1,1,6,1,7,1,550,850,5180
6,1,1,7,0,7,1,570,850,5180
7,1,1,8,1,7,1,530,850,5180
8,1,1,9,1,7,1,550,850,5180
9,1,1,10,1,7,1,570,850,5180
10,1,1,11,0,7,1,550,850,5180
11,1,2,1,1,7,1,550,850,5180
12,1,2,2,1,7,0,570,850,5180
13,1,2,3,0,7,0,480,850,5180
14,1,2,4,1,7,1,580,850,5180
15,1,2,5,1,7,1,530,850,5180
16,1,2,6,0,7,1,550,850,5180
17,1,2,7,0,7,1,570,850,5180
18,1,2,8,1,7,0,530,850,5180
19,1,2,9,1,7,1,550,850,5180
20,1,2,10,0,7,0,570,850,5180
21,1,2,11,1,7,1,550,850,5180
22,1,3,1,1,7,1,550,850,5180
23,1,3,2,0,7,0,570,850,5180
24,1,3,3,1,7,1,480,850,5180
25,1,3,4,0,7,0,580,850,5180
26,1,3,5,1,7,0,530,850,5180
27,1,3,6,1,7,1,550,850,5180
28,1,3,7,1,7,1,570,850,5180
29,1,3,8,0,7,1,530,850,5180
30,1,3,9,0,7,1,550,850,5180
31,1,3,10,0,7,0,570,850,5180
32,1,3,11,1,7,0,550,850,5180
33,2,1,1,0,5,0,550,850,5180
34,2,1,2,0,5,0,570,850,5180
35,2,1,3,1,5,1,480,850,5180
36,2,1,4,0,5,0,580,850,5180
37,2,1,5,0,5,1,530,850,5180
38,2,1,6,1,5,0,550,850,5180
39,2,1,7,0,5,1,570,850,5180
40,2,1,8,1,5,1,530,850,5180
41,2,1,9,0,5,0,550,850,5180
42,2,1,10,1,5,1,570,850,5180
43,2,1,11,1,5,0,550,850,5180
44,2,2,1,1,5,1,550,850,5180
45,2,2,2,0,5,0,570,850,5180
46,2,2,3,1,5,0,480,850,5180
47,2,2,4,0,5,0,580,850,5180
48,2,2,5,0,5,1,530,850,5180
49,2,2,6,1,5,0,550,850,5180
50,2,2,7,0,5,1,570,850,5180
51,2,2,8,0,5,0,530,850,5180
52,2,2,9,0,5,0,550,850,5180
53,2,2,10,1,5,1,570,850,5180
54,2,2,11,1,5,1,550,850,5180
55,2,3,1,0,9,0,550,850,5180
56,2,3,2,0,9,1,570,850,5180
57,2,3,3,0,9,0,480,850,5180
58,2,3,4,1,9,1,580,850,5180
59,2,3,5,0,9,0,530,850,5180
60,2,3,6,0,9,1,550,850,5180
61,2,3,7,0,9,1,570,850,5180
62,2,3,8,1,9,1,530,850,5180
63,2,3,9,0,9,1,550,850,5180
64,2,3,10,1,9,1,570,850,5180
65,2,3,11,1,9,1,550,850,5180
66,3,1,1,1,7,1,550,850,5180
67,3,1,2,0,7,0,570,850,5180
68,3,1,3,0,7,0,480,850,5180
69,3,1,4,1,7,1,580,850,5180
70,3,1,5,1,7,1,530,850,5180
71,3,1,6,1,7,1,550,850,5180
72,3,1,7,1,7,1,570,850,5180
73,3,1,8,0,7,0,530,850,5180
74,3,1,9,1,7,0,550,850,5180
75,3,1,10,1,7,1,570,850,5180
76,3,1,11,1,7,1,550,850,5180
77,3,2,1,0,8,0,550,850,5180
78,3,2,2,1,8,1,570,850,5180
79,3,2,3,0,8,1,480,850,5180
80,3,2,4,0,8,1,580,850,5180
81,3,2,5,1,8,1,530,850,5180
82,3,2,6,1,8,1,550,850,5180
83,3,2,7,1,8,1,570,850,5180
84,3,2,8,0,8,0,530,850,5180
85,3,2,9,1,8,1,550,850,5180
86,3,2,10,0,8,0,570,850,5180
87,3,2,11,1,8,1,550,850,5180
88,3,3,1,1,9,1,550,850,5180
89,3,3,2,0,9,0,570,850,5180
90,3,3,3,0,9,1,480,850,5180
91,3,3,4,0,9,1,580,850,5180
92,3,3,5,0,9,1,530,850,5180
93,3,3,6,0,9,1,550,850,5180
94,3,3,7,1,9,1,570,850,5180
95,3,3,8,0,9,1,530,850,5180
96,3,3,9,0,9,1,550,850,5180
97,3,3,10,0,9,0,570,850,5180
98,3,3,11,0,9,1,550,850,5180
99,4,1,1,0,6,1,550,850,5180
100,4,1,2,0,6,0,570,850,5180
101,4,1,3,0,6,0,480,850,5180
102,4,1,4,1,6,0,580,850,5180
103,4,1,5,0,6,0,530,850,5180
104,4,1,6,0,6,1,550,850,5180
105,4,1,7,1,6,1,570,850,5180
106,4,1,8,1,6,1,530,850,5180
107,4,1,9,1,6,1,550,850,5180
108,4,1,10,1,6,1,570,850,5180
109,4,1,11,1,6,0,550,850,5180
110,4,2,1,0,10,1,550,850,5180
111,4,2,2,1,10,0,570,850,5180
112,4,2,3,0,10,1,480,850,5180
113,4,2,4,0,10,1,580,850,5180
114,4,2,5,1,10,1,530,850,5180
115,4,2,6,1,10,1,550,850,5180
116,4,2,7,1,10,1,570,850,5180
117,4,2,8,1,10,0,530,850,5180
118,4,2,9,1,10,1,550,850,5180
119,4,2,10,1,10,1,570,850,5180
120,4,2,11,0,10,1,550,850,5180
121,4,3,1,0,10,1,550,850,5180
122,4,3,2,1,10,1,570,850,5180
123,4,3,3,0,10,1,480,850,5180
124,4,3,4,0,10,1,580,850,5180
125,4,3,5,0,10,1,530,850,5180
126,4,3,6,0,10,1,550,850,5180
127,4,3,7,1,10,1,570,850,5180
128,4,3,8,0,10,1,530,850,5180
129,4,3,9,0,10,0,550,850,5180
130,4,3,10,0,10,1,570,850,5180
131,4,3,11,0,10,0,550,850,5180
132,5,1,1,1,8,1,550,850,5180
133,5,1,2,0,8,0,570,850,5180
134,5,1,3,0,8,1,480,850,5180
135,5,1,4,0,8,1,580,850,5180
136,5,1,5,1,8,1,530,850,5180
137,5,1,6,1,8,1,550,850,5180
138,5,1,7,0,8,0,570,850,5180
139,5,1,8,1,8,0,530,850,5180
140,5,1,9,0,8,1,550,850,5180
141,5,1,10,1,8,1,570,850,5180
142,5,1,11,1,8,1,550,850,5180
143,5,2,1,0,9,1,550,850,5180
144,5,2,2,0,9,1,570,850,5180
145,5,2,3,0,9,1,480,850,5180
146,5,2,4,1,9,1,580,850,5180
147,5,2,5,0,9,1,530,850,5180
148,5,2,6,0,9,0,550,850,5180
149,5,2,7,1,9,1,570,850,5180
150,5,2,8,1,9,1,530,850,5180
151,5,2,9,0,9,0,550,850,5180
152,5,2,10,1,9,1,570,850,5180
153,5,2,11,1,9,1,550,850,5180
154,5,3,1,0,5,0,550,850,5180
155,5,3,2,1,5,1,570,850,5180
156,5,3,3,0,5,1,480,850,5180
157,5,3,4,1,5,0,580,850,5180
158,5,3,5,1,5,1,530,850,5180
159,5,3,6,0,5,0,550,850,5180
160,5,3,7,1,5,0,570,850,5180
161,5,3,8,1,5,0,530,850,5180
162,5,3,9,1,5,1,550,850,5180
163,5,3,10,0,5,1,570,850,5180
164,5,3,11,1,5,0,550,850,5180
165,6,1,1,0,5,0,550,850,5180
166,6,1,2,1,5,0,570,850,5180
167,6,1,3,0,5,0,480,850,5180
168,6,1,4,0,5,0,580,850,5180
169,6,1,5,1,5,0,530,850,5180
170,6,1,6,0,5,1,550,850,5180
171,6,1,7,0,5,1,570,850,5180
172,6,1,8,1,5,1,530,850,5180
173,6,1,9,0,5,0,550,850,5180
174,6,1,10,0,5,1,570,850,5180
175,6,1,11,1,5,1,550,850,5180
176,6,2,1,1,6,0,550,850,5180
177,6,2,2,1,6,1,570,850,5180
178,6,2,3,1,6,1,480,850,5180
179,6,2,4,0,6,0,580,850,5180
180,6,2,5,1,6,1,530,850,5180
181,6,2,6,1,6,1,550,850,5180
182,6,2,7,0,6,0,570,850,5180
183,6,2,8,0,6,0,530,850,5180
184,6,2,9,0,6,0,550,850,5180
185,6,2,10,0,6,1,570,850,5180
186,6,2,11,0,6,1,550,850,5180
187,6,3,1,0,5,1,550,850,5180
188,6,3,2,0,5,1,570,850,5180
189,6,3,3,1,5,1,480,850,5180
190,6,3,4,1,5,0,580,850,5180
191,6,3,5,0,5,0,530,850,5180
192,6,3,6,1,5,0,550,850,5180
193,6,3,7,0,5,0,570,850,5180
194,6,3,8,1,5,0,530,850,5180
195,6,3,9,1,5,1,550,850,5180
196,6,3,10,0,5,1,570,850,5180
197,6,3,11,1,5,0,550,850,5180
198,7,1,1,0,8,1,550,850,5180
199,7,1,2,0,8,0,570,850,5180
200,7,1,3,1,8,1,480,850,5180
201,7,1,4,1,8,1,580,850,5180
202,7,1,5,0,8,0,530,850,5180
203,7,1,6,1,8,1,550,850,5180
204,7,1,7,0,8,1,570,850,5180
205,7,1,8,0,8,1,530,850,5180
206,7,1,9,1,8,0,550,850,5180
207,7,1,10,0,8,1,570,850,5180
208,7,1,11,1,8,1,550,850,5180
209,7,2,1,1,9,1,550,850,5180
210,7,2,2,1,9,0,570,850,5180
211,7,2,3,0,9,1,480,850,5180
212,7,2,4,0,9,1,580,850,5180
213,7,2,5,0,9,1,530,850,5180
214,7,2,6,1,9,1,550,850,5180
215,7,2,7,0,9,1,570,850,5180
216,7,2,8,1,9,1,530,850,5180
217,7,2,9,1,9,1,550,850,5180
218,7,2,10,0,9,0,570,850,5180
219,7,2,11,0,9,1,550,850,5180
220,7,3,1,1,6,0,550,850,5180
221,7,3,2,0,6,0,570,850,5180
222,7,3,3,1,6,1,480,850,5180
223,7,3,4,1,6,0,580,850,5180
224,7,3,5,1,6,1,530,850,5180
225,7,3,6,1,6,1,550,850,5180
226,7,3,7,0,6,1,570,850,5180
227,7,3,8,0,6,0,530,850,5180
228,7,3,9,0,6,0,550,850,5180
229,7,3,10,0,6,1,570,850,5180
230,7,3,11,1,6,1,550,850,5180
231,8,1,1,0,8,0,550,850,5180
232,8,1,2,1,8,1,570,850,5180
233,8,1,3,1,8,1,480,850,5180
234,8,1,4,0,8,1,580,850,5180
235,8,1,5,0,8,1,530,850,5180
236,8,1,6,1,8,1,550,850,5180
237,8,1,7,1,8,1,570,850,5180
238,8,1,8,0,8,1,530,850,5180
239,8,1,9,0,8,1,550,850,5180
240,8,1,10,0,8,0,570,850,5180
241,8,1,11,0,8,0,550,850,5180
242,8,2,1,1,7,1,550,850,5180
243,8,2,2,0,7,1,570,850,5180
244,8,2,3,0,7,1,480,850,5180
245,8,2,4,0,7,0,580,850,5180
246,8,2,5,0,7,1,530,850,5180
247,8,2,6,1,7,0,550,850,5180
248,8,2,7,0,7,1,570,850,5180
249,8,2,8,0,7,1,530,850,5180
250,8,2,9,1,7,0,550,850,5180
251,8,2,10,0,7,0,570,850,5180
252,8,2,11,0,7,1,550,850,5180
253,8,3,1,1,5,1,550,850,5180
254,8,3,2,1,5,1,570,850,5180
255,8,3,3,0,5,1,480,850,5180
256,8,3,4,1,5,0,580,850,5180
257,8,3,5,1,5,1,530,850,5180
258,8,3,6,0,5,0,550,850,5180
259,8,3,7,0,5,0,570,850,5180
260,8,3,8,0,5,0,530,850,5180
261,8,3,9,0,5,0,550,850,5180
262,8,3,10,0,5,0,570,850,5180
263,8,3,11,1,5,1,550,850,5180
264,9,1,1,0,10,1,550,850,5180
265,9,1,2,1,10,1,570,850,5180
266,9,1,3,0,10,1,480,850,5180
267,9,1,4,0,10,0,580,850,5180
268,9,1,5,1,10,1,530,850,5180
269,9,1,6,0,10,1,550,850,5180
270,9,1,7,0,10,0,570,850,5180
271,9,1,8,0,10,1,530,850,5180
272,9,1,9,0,10,1,550,850,5180
273,9,1,10,0,10,1,570,850,5180
274,9,1,11,1,10,1,550,850,5180
275,9,2,1,0,5,0,550,850,5180
276,9,2,2,1,5,1,570,850,5180
277,9,2,3,1,5,1,480,850,5180
278,9,2,4,0,5,0,580,850,5180
279,9,2,5,0,5,1,530,850,5180
280,9,2,6,1,5,0,550,850,5180
281,9,2,7,1,5,1,570,850,5180
282,9,2,8,0,5,0,530,850,5180
283,9,2,9,0,5,0,550,850,5180
284,9,2,10,0,5,0,570,850,5180
285,9,2,11,0,5,0,550,850,5180
286,9,3,1,1,10,1,550,850,5180
287,9,3,2,1,10,1,570,850,5180
288,9,3,3,0,10,1,480,850,5180
289,9,3,4,0,10,1,580,850,5180
290,9,3,5,0,10,1,530,850,5180
291,9,3,6,1,10,1,550,850,5180
292,9,3,7,0,10,0,570,850,5180
293,9,3,8,1,10,1,530,850,5180
294,9,3,9,0,10,1,550,850,5180
295,9,3,10,1,10,1,570,850,5180
296,9,3,11,1,10,1,550,850,5180
297,10,1,1,1,7,0,550,850,5180
298,10,1,2,0,7,1,570,850,5180
299,10,1,3,0,7,0,480,850,5180
300,10,1,4,1,7,0,580,850,5180
301,10,1,5,1,7,1,530,850,5180
302,10,1,6,1,7,1,550,850,5180
303,10,1,7,1,7,1,570,850,5180
304,10,1,8,1,7,1,530,850,5180
305,10,1,9,0,7,1,550,850,5180
306,10,1,10,0,7,0,570,850,5180
307,10,1,11,0,7,1,550,850,5180
308,10,2,1,1,10,1,550,850,5180
309,10,2,2,1,10,1,570,850,5180
310,10,2,3,0,10,1,480,850,5180
311,10,2,4,1,10,1,580,850,5180
312,10,2,5,1,10,1,530,850,5180
313,10,2,6,1,10,1,550,850,5180
314,10,2,7,1,10,1,570,850,5180
315,10,2,8,0,10,0,530,850,5180
316,10,2,9,1,10,1,550,850,5180
317,10,2,10,0,10,1,570,850,5180
318,10,2,11,1,10,1,550,850,5180
319,10,3,1,1,10,1,550,850,5180
320,10,3,2,1,10,0,570,850,5180
321,10,3,3,1,10,1,480,850,5180
322,10,3,4,1,10,1,580,850,5180
323,10,3,5,0,10,1,530,850,5180
324,10,3,6,1,10,1,550,850,5180
325,10,3,7,1,10,1,570,850,5180
326,10,3,8,1,10,1,530,850,5180
327,10,3,9,0,10,1,550,850,5180
328,10,3,10,0,10,1,570,850,5180
329,10,3,11,0,10,1,550,850,5180
330,11,1,1,0,5,0,550,850,5180
331,11,1,2,0,5,0,570,850,5180
332,11,1,3,0,5,1,480,850,5180
333,11,1,4,0,5,0,580,850,5180
334,11,1,5,0,5,0,530,850,5180
335,11,1,6,0,5,0,550,850,5180
336,11,1,7,1,5,1,570,850,5180
337,11,1,8,0,5,1,530,850,5180
338,11,1,9,0,5,1,550,850,5180
339,11,1,10,1,5,0,570,850,5180
340,11,1,11,1,5,1,550,850,5180
341,11,2,1,1,8,0,550,850,5180
342,11,2,2,0,8,0,570,850,5180
343,11,2,3,1,8,1,480,850,5180
344,11,2,4,1,8,1,580,850,5180
345,11,2,5,1,8,1,530,850,5180
346,11,2,6,1,8,1,550,850,5180
347,11,2,7,0,8,1,570,850,5180
348,11,2,8,1,8,0,530,850,5180
349,11,2,9,1,8,1,550,850,5180
350,11,2,10,0,8,1,570,850,5180
351,11,2,11,0,8,1,550,850,5180
352,11,3,1,0,6,0,550,850,5180
353,11,3,2,1,6,1,570,850,5180
354,11,3,3,1,6,0,480,850,5180
355,11,3,4,0,6,0,580,850,5180
356,11,3,5,1,6,1,530,850,5180
357,11,3,6,0,6,1,550,850,5180
358,11,3,7,1,6,1,570,850,5180
359,11,3,8,0,6,0,530,850,5180
360,11,3,9,1,6,1,550,850,5180
361,11,3,10,0,6,1,570,850,5180
362,11,3,11,0,6,0,550,850,5180
363,12,1,1,0,9,0,550,850,5180
364,12,1,2,1,9,1,570,850,5180
365,12,1,3,0,9,0,480,850,5180
366,12,1,4,0,9,1,580,850,5180
367,12,1,5,0,9,1,530,850,5180
368,12,1,6,1,9,1,550,850,5180
369,12,1,7,0,9,1,570,850,5180
370,12,1,8,0,9,1,530,850,5180
371,12,1,9,1,9,1,550,850,5180
372,12,1,10,0,9,1,570,850,5180
373,12,1,11,0,9,1,550,850,5180
374,12,2,1,0,6,1,550,850,5180
375,12,2,2,0,6,0,570,850,5180
376,12,2,3,0,6,0,480,850,5180
377,12,2,4,1,6,0,580,850,5180
378,12,2,5,0,6,1,530,850,5180
379,12,2,6,1,6,1,550,850,5180
380,12,2,7,1,6,1,570,850,5180
381,12,2,8,1,6,1,530,850,5180
382,12,2,9,1,6,0,550,850,5180
383,12,2,10,1,6,0,570,850,5180
384,12,2,11,1,6,1,550,850,5180
385,12,3,1,1,8,1,550,850,5180
386,12,3,2,1,8,1,570,850,5180
387,12,3,3,1,8,1,480,850,5180
388,12,3,4,1,8,1,580,850,5180
389,12,3,5,1,8,1,530,850,5180
390,12,3,6,1,8,0,550,850,5180
391,12,3,7,1,8,1,570,850,5180
392,12,3,8,1,8,1,530,850,5180
393,12,3,9,0,8,0,550,850,5180
394,12,3,10,1,8,1,570,850,5180
395,12,3,11,1,8,0,550,850,5180
396,13,1,1,0,5,0,550,850,5180
397,13,1,2,0,5,1,570,850,5180
398,13,1,3,0,5,0,480,850,5180
399,13,1,4,1,5,1,580,850,5180
400,13,1,5,0,5,0,530,850,5180
401,13,1,6,0,5,1,550,850,5180
402,13,1,7,0,5,0,570,850,5180
403,13,1,8,0,5,1,530,850,5180
404,13,1,9,1,5,0,550,850,5180
405,13,1,10,1,5,1,570,850,5180
406,13,1,11,1,5,0,550,850,5180
407,13,2,1,0,8,0,550,850,5180
408,13,2,2,1,8,1,570,850,5180
409,13,2,3,0,8,0,480,850,5180
410,13,2,4,1,8,1,580,850,5180
411,13,2,5,1,8,1,530,850,5180
412,13,2,6,1,8,1,550,850,5180
413,13,2,7,1,8,0,570,850,5180
414,13,2,8,1,8,1,530,850,5180
415,13,2,9,1,8,1,550,850,5180
416,13,2,10,1,8,1,570,850,5180
417,13,2,11,1,8,1,550,850,5180
418,13,3,1,0,9,1,550,850,5180
419,13,3,2,0,9,1,570,850,5180
420,13,3,3,1,9,1,480,850,5180
421,13,3,4,0,9,1,580,850,5180
422,13,3,5,0,9,0,530,850,5180
423,13,3,6,1,9,1,550,850,5180
424,13,3,7,0,9,1,570,850,5180
425,13,3,8,1,9,1,530,850,5180
426,13,3,9,1,9,1,550,850,5180
427,13,3,10,0,9,1,570,850,5180
428,13,3,11,0,9,0,550,850,5180
429,14,1,1,0,10,1,550,850,5180
430,14,1,2,1,10,1,570,850,5180
431,14,1,3,0,10,1,480,850,5180
432,14,1,4,0,10,1,580,850,5180
433,14,1,5,1,10,1,530,850,5180
434,14,1,6,0,10,1,550,850,5180
435,14,1,7,0,10,1,570,850,5180
436,14,1,8,0,10,0,530,850,5180
437,14,1,9,0,10,1,550,850,5180
438,14,1,10,1,10,1,570,850,5180
439,14,1,11,0,10,1,550,850,5180
440,14,2,1,1,6,1,550,850,5180
441,14,2,2,1,6,0,570,850,5180
442,14,2,3,0,6,0,480,850,5180
443,14,2,4,1,6,1,580,850,5180
444,14,2,5,0,6,0,530,850,5180
445,14,2,6,1,6,1,550,850,5180
446,14,2,7,1,6,1,570,850,5180
447,14,2,8,1,6,0,530,850,5180
448,14,2,9,1,6,1,550,850,5180
449,14,2,10,1,6,0,570,850,5180
450,14,2,11,0,6,1,550,850,5180
451,14,3,1,0,9,1,550,850,5180
452,14,3,2,0,9,0,570,850,5180
453,14,3,3,0,9,1,480,850,5180
454,14,3,4,0,9,1,580,850,5180
455,14,3,5,1,9,1,530,850,5180
456,14,3,6,1,9,1,550,850,5180
457,14,3,7,0,9,1,570,850,5180
458,14,3,8,0,9,1,530,850,5180
459,14,3,9,1,9,1,550,850,5180
460,14,3,10,1,9,0,570,850,5180
461,14,3,11,0,9,1,550,850,5180
462,15,1,1,0,6,0,550,850,5180
463,15,1,2,0,6,0,570,850,5180
464,15,1,3,1,6,0,480,850,5180
465,15,1,4,1,6,0,580,850,5180
466,15,1,5,0,6,0,530,850,5180
467,15,1,6,1,6,1,550,850,5180
468,15,1,7,0,6,0,570,850,5180
469,15,1,8,1,6,1,530,850,5180
470,15,1,9,1,6,1,550,850,5180
471,15,1,10,1,6,1,570,850,5180
472,15,1,11,1,6,1,550,850,5180
473,15,2,1,0,5,0,550,850,5180
474,15,2,2,0,5,1,570,850,5180
475,15,2,3,0,5,1,480,850,5180
476,15,2,4,0,5,0,580,850,5180
477,15,2,5,0,5,0,530,850,5180
478,15,2,6,1,5,1,550,850,5180
479,15,2,7,1,5,0,570,850,5180
480,15,2,8,0,5,1,530,850,5180
481,15,2,9,0,5,1,550,850,5180
482,15,2,10,1,5,0,570,850,5180
483,15,2,11,0,5,0,550,850,5180
484,15,3,1,0,9,1,550,850,5180
485,15,3,2,0,9,1,570,850,5180
486,15,3,3,1,9,1,480,850,5180
487,15,3,4,0,9,1,580,850,5180
488,15,3,5,0,9,1,530,850,5180
489,15,3,6,0,9,0,550,850,5180
490,15,3,7,0,9,0,570,850,5180
491,15,3,8,1,9,1,530,850,5180
492,15,3,9,1,9,1,550,850,5180
493,15,3,10,1,9,1,570,850,5180
494,15,3,11,1,9,1,550,850,5180
495,16,1,1,0,8,0,550,850,5180
496,16,1,2,1,8,0,570,850,5180
497,16,1,3,1,8,1,480,850,5180
498,16,1,4,1,8,1,580,850,5180
499,16,1,5,1,8,0,530,850,5180
500,16,1,6,1,8,1,550,850,5180
501,16,1,7,1,8,1,570,850,5180
502,16,1,8,0,8,0,530,850,5180
503,16,1,9,0,8,1,550,850,5180
504,16,1,10,1,8,1,570,850,5180
505,16,1,11,0,8,1,550,850,5180
506,16,2,1,0,7,0,550,850,5180
507,16,2,2,0,7,1,570,850,5180
508,16,2,3,0,7,1,480,850,5180
509,16,2,4,0,7,1,580,850,5180
510,16,2,5,1,7,1,530,850,5180
511,16,2,6,0,7,1,550,850,5180
512,16,2,7,0,7,1,570,850,5180
513,16,2,8,1,7,0,530,850,5180
514,16,2,9,0,7,1,550,850,5180
515,16,2,10,0,7,1,570,850,5180
516,16,2,11,1,7,1,550,850,5180
517,16,3,1,0,5,0,550,850,5180
518,16,3,2,0,5,0,570,850,5180
519,16,3,3,0,5,1,480,850,5180
520,16,3,4,0,5,0,580,850,5180
521,16,3,5,0,5,1,530,850,5180
522,16,3,6,0,5,1,550,850,5180
523,16,3,7,1,5,0,570,850,5180
524,16,3,8,0,5,0,530,850,5180
525,16,3,9,0,5,1,550,850,5180
526,16,3,10,0,5,0,570,850,5180
527,16,3,11,1,5,1,550,850,5180
528,17,1,1,1,7,1,550,850,5180
529,17,1,2,0,7,0,570,850,5180
530,17,1,3,0,7,0,480,850,5180
531,17,1,4,0,7,0,580,850,5180
532,17,1,5,0,7,1,530,850,5180
533,17,1,6,0,7,1,550,850,5180
534,17,1,7,0,7,0,570,850,5180
535,17,1,8,0,7,1,530,850,5180
536,17,1,9,1,7,1,550,850,5180
537,17,1,10,0,7,1,570,850,5180
538,17,1,11,1,7,1,550,850,5180
539,17,2,1,1,9,1,550,850,5180
540,17,2,2,1,9,0,570,850,5180
541,17,2,3,1,9,1,480,850,5180
542,17,2,4,1,9,1,580,850,5180
543,17,2,5,0,9,1,530,850,5180
544,17,2,6,1,9,1,550,850,5180
545,17,2,7,1,9,1,570,850,5180
546,17,2,8,0,9,1,530,850,5180
547,17,2,9,0,9,1,550,850,5180
548,17,2,10,1,9,1,570,850,5180
549,17,2,11,1,9,0,550,850,5180
550,17,3,1,1,8,1,550,850,5180
551,17,3,2,1,8,1,570,850,5180
552,17,3,3,0,8,1,480,850,5180
553,17,3,4,1,8,1,580,850,5180
554,17,3,5,0,8,0,530,850,5180
555,17,3,6,1,8,0,550,850,5180
556,17,3,7,1,8,1,570,850,5180
557,17,3,8,0,8,1,530,850,5180
558,17,3,9,0,8,1,550,850,5180
559,17,3,10,0,8,1,570,850,5180
560,17,3,11,0,8,0,550,850,5180
561,18,1,1,0,8,1,550,850,5180
562,18,1,2,1,8,1,570,850,5180
563,18,1,3,0,8,1,480,850,5180
564,18,1,4,0,8,1,580,850,5180
565,18,1,5,1,8,0,530,850,5180
566,18,1,6,1,8,1,550,850,5180
567,18,1,7,0,8,1,570,850,5180
568,18,1,8,0,8,1,530,850,5180
569,18,1,9,0,8,0,550,850,5180
570,18,1,10,0,8,0,570,850,5180
571,18,1,11,1,8,1,550,850,5180
572,18,2,1,1,8,1,550,850,5180
573,18,2,2,0,8,1,570,850,5180
574,18,2,3,0,8,1,480,850,5180
575,18,2,4,1,8,1,580,850,5180
576,18,2,5,0,8,1,530,850,5180
577,18,2,6,1,8,0,550,850,5180
578,18,2,7,0,8,1,570,850,5180
579,18,2,8,0,8,1,530,850,5180
580,18,2,9,0,8,1,550,850,5180
581,18,2,10,1,8,1,570,850,5180
582,18,2,11,0,8,0,550,850,5180
583,18,3,1,0,6,1,550,850,5180
584,18,3,2,0,6,1,570,850,5180
585,18,3,3,1,6,0,480,850,5180
586,18,3,4,1,6,0,580,850,5180
587,18,3,5,0,6,0,530,850,5180
588,18,3,6,1,6,1,550,850,5180
589,18,3,7,0,6,0,570,850,5180
590,18,3,8,1,6,1,530,850,5180
591,18,3,9,1,6,0,550,850,5180
592,18,3,10,1,6,1,570,850,5180
593,18,3,11,0,6,1,550,850,5180
594,19,1,1,0,7,0,550,850,5180
595,19,1,2,1,7,0,570,850,5180
596,19,1,3,1,7,0,480,850,5180
597,19,1,4,1,7,1,580,850,5180
598,19,1,5,1,7,1,530,850,5180
599,19,1,6,1,7,1,550,850,5180
600,19,1,7,0,7,1,570,850,5180
601,19,1,8,1,7,0,530,850,5180
602,19,1,9,1,7,1,550,850,5180
603,19,1,10,1,7,1,570,850,5180
604,19,1,11,1,7,1,550,850,5180
605,19,2,1,0,8,1,550,850,5180
606,19,2,2,1,8,1,570,850,5180
607,19,2,3,1,8,1,480,850,5180
608,19,2,4,1,8,1,580,850,5180
609,19,2,5,1,8,1,530,850,5180
610,19,2,6,0,8,0,550,850,5180
611,19,2,7,1,8,1,570,850,5180
612,19,2,8,1,8,0,530,850,5180
613,19,2,9,1,8,1,550,850,5180
614,19,2,10,1,8,1,570,850,5180
615,19,2,11,1,8,0,550,850,5180
616,19,3,1,0,6,0,550,850,5180
617,19,3,2,0,6,0,570,850,5180
618,19,3,3,0,6,1,480,850,5180
619,19,3,4,0,6,1,580,850,5180
620,19,3,5,0,6,1,530,850,5180
621,19,3,6,0,6,1,550,850,5180
622,19,3,7,0,6,1,570,850,5180
623,19,3,8,1,6,1,530,850,5180
624,19,3,9,0,6,0,550,850,5180
625,19,3,10,0,6,0,570,850,5180
626,19,3,11,1,6,0,550,850,5180
627,20,1,1,1,7,1,550,850,5180
628,20,1,2,0,7,0,570,850,5180
629,20,1,3,0,7,1,480,850,5180
630,20,1,4,0,7,0,580,850,5180
631,20,1,5,1,7,1,530,850,5180
632,20,1,6,0,7,0,550,850,5180
633,20,1,7,1,7,0,570,850,5180
634,20,1,8,1,7,1,530,850,5180
635,20,1,9,1,7,1,550,850,5180
636,20,1,10,1,7,1,570,850,5180
637,20,1,11,1,7,1,550,850,5180
638,20,2,1,1,8,1,550,850,5180
639,20,2,2,1,8,1,570,850,5180
640,20,2,3,1,8,1,480,850,5180
641,20,2,4,1,8,1,580,850,5180
642,20,2,5,0,8,0,530,850,5180
643,20,2,6,1,8,1,550,850,5180
644,20,2,7,0,8,1,570,850,5180
645,20,2,8,0,8,0,530,850,5180
646,20,2,9,0,8,1,550,850,5180
647,20,2,10,0,8,0,570,850,5180
648,20,2,11,1,8,1,550,850,5180
649,20,3,1,0,5,0,550,850,5180
650,20,3,2,0,5,1,570,850,5180
651,20,3,3,0,5,0,480,850,5180
652,20,3,4,0,5,0,580,850,5180
653,20,3,5,0,5,0,530,850,5180
654,20,3,6,1,5,0,550,850,5180
655,20,3,7,1,5,1,570,850,5180
656,20,3,8,0,5,1,530,850,5180
657,20,3,9,0,5,1,550,850,5180
658,20,3,10,1,5,1,570,850,5180
659,20,3,11,0,5,0,550,850,5180
660,21,1,1,0,5,1,550,850,5180
661,21,1,2,0,5,0,570,850,5180
662,21,1,3,0,5,0,480,850,5180
663,21,1,4,0,5,0,580,850,5180
664,21,1,5,0,5,0,530,850,5180
665,21,1,6,1,5,1,550,850,5180
666,21,1,7,0,5,1,570,850,5180
667,21,1,8,1,5,0,530,850,5180
668,21,1,9,1,5,1,550,850,5180
669,21,1,10,0,5,0,570,850,5180
670,21,1,11,1,5,1,550,850,5180
671,21,2,1,1,5,0,550,850,5180
672,21,2,2,1,5,0,570,850,5180
673,21,2,3,0,5,1,480,850,5180
674,21,2,4,0,5,0,580,850,5180
675,21,2,5,1,5,1,530,850,5180
676,21,2,6,0,5,0,550,850,5180
677,21,2,7,1,5,1,570,850,5180
678,21,2,8,1,5,1,530,850,5180
679,21,2,9,0,5,0,550,850,5180
680,21,2,10,1,5,1,570,850,5180
681,21,2,11,0,5,0,550,850,5180
682,21,3,1,1,6,1,550,850,5180
683,21,3,2,0,6,0,570,850,5180
684,21,3,3,0,6,1,480,850,5180
685,21,3,4,0,6,1,580,850,5180
686,21,3,5,0,6,0,530,850,5180
687,21,3,6,0,6,0,550,850,5180
688,21,3,7,1,6,0,570,850,5180
689,21,3,8,0,6,1,530,850,5180
690,21,3,9,0,6,0,550,850,5180
691,21,3,10,1,6,1,570,850,5180
692,21,3,11,1,6,1,550,850,5180
693,22,1,1,1,5,0,550,850,5180
694,22,1,2,1,5,1,570,850,5180
695,22,1,3,1,5,0,480,850,5180
696,22,1,4,0,5,0,580,850,5180
697,22,1,5,0,5,1,530,850,5180
698,22,1,6,0,5,0,550,850,5180
699,22,1,7,1,5,1,570,850,5180
700,22,1,8,1,5,1,530,850,5180
701,22,1,9,1,5,1,550,850,5180
702,22,1,10,1,5,0,570,850,5180
703,22,1,11,1,5,0,550,850,5180
704,22,2,1,0,8,1,550,850,5180
705,22,2,2,1,8,0,570,850,5180
706,22,2,3,0,8,1,480,850,5180
707,22,2,4,1,8,1,580,850,5180
708,22,2,5,1,8,1,530,850,5180
709,22,2,6,1,8,0,550,850,5180
710,22,2,7,1,8,1,570,850,5180
711,22,2,8,1,8,1,530,850,5180
712,22,2,9,0,8,1,550,850,5180
713,22,2,10,1,8,1,570,850,5180
714,22,2,11,0,8,0,550,850,5180
715,22,3,1,1,9,1,550,850,5180
716,22,3,2,0,9,0,570,850,5180
717,22,3,3,0,9,1,480,850,5180
718,22,3,4,1,9,1,580,850,5180
719,22,3,5,0,9,1,530,850,5180
720,22,3,6,0,9,1,550,850,5180
721,22,3,7,1,9,1,570,850,5180
722,22,3,8,1,9,1,530,850,5180
723,22,3,9,1,9,1,550,850,5180
724,22,3,10,1,9,1,570,850,5180
725,22,3,11,0,9,0,550,850,5180
726,23,1,1,1,7,0,550,850,5180
727,23,1,2,1,7,1,570,850,5180
728,23,1,3,1,7,1,480,850,5180
729,23,1,4,0,7,1,580,850,5180
730,23,1,5,1,7,0,530,850,5180
731,23,1,6,1,7,0,550,850,5180
732,23,1,7,0,7,0,570,850,5180
733,23,1,8,1,7,1,530,850,5180
734,23,1,9,0,7,1,550,850,5180
735,23,1,10,1,7,1,570,850,5180
736,23,1,11,1,7,1,550,850,5180
737,23,2,1,0,10,0,550,850,5180
738,23,2,2,1,10,1,570,850,5180
739,23,2,3,0,10,1,480,850,5180
740,23,2,4,0,10,1,580,850,5180
741,23,2,5,0,10,1,530,850,5180
742,23,2,6,1,10,1,550,850,5180
743,23,2,7,1,10,1,570,850,5180
744,23,2,8,0,10,1,530,850,5180
745,23,2,9,0,10,1,550,850,5180
746,23,2,10,0,10,1,570,850,5180
747,23,2,11,1,10,1,550,850,5180
748,23,3,1,0,9,1,550,850,5180
749,23,3,2,1,9,1,570,850,5180
750,23,3,3,1,9,1,480,850,5180
751,23,3,4,1,9,1,580,850,5180
752,23,3,5,0,9,1,530,850,5180
753,23,3,6,0,9,1,550,850,5180
754,23,3,7,1,9,1,570,850,5180
755,23,3,8,0,9,1,530,850,5180
756,23,3,9,0,9,0,550,850,5180
757,23,3,10,0,9,0,570,850,5180
758,23,3,11,1,9,1,550,850,5180
759,24,1,1,0,9,1,550,850,5180
760,24,1,2,1,9,1,570,850,5180
761,24,1,3,0,9,1,480,850,5180
762,24,1,4,0,9,0,580,850,5180
763,24,1,5,1,9,1,530,850,5180
764,24,1,6,0,9,0,550,850,5180
765,24,1,7,0,9,1,570,850,5180
766,24,1,8,1,9,1,530,850,5180
767,24,1,9,1,9,1,550,850,5180
768,24,1,10,0,9,1,570,850,5180
769,24,1,11,0,9,1,550,850,5180
770,24,2,1,1,5,0,550,850,5180
771,24,2,2,1,5,0,570,850,5180
772,24,2,3,0,5,0,480,850,5180
773,24,2,4,0,5,1,580,850,5180
774,24,2,5,0,5,0,530,850,5180
775,24,2,6,1,5,1,550,850,5180
776,24,2,7,1,5,1,570,850,5180
777,24,2,8,1,5,1,530,850,5180
778,24,2,9,1,5,0,550,850,5180
779,24,2,10,1,5,1,570,850,5180
780,24,2,11,0,5,0,550,850,5180
781,24,3,1,0,7,0,550,850,5180
782,24,3,2,0,7,1,570,850,5180
783,24,3,3,0,7,0,480,850,5180
784,24,3,4,1,7,1,580,850,5180
785,24,3,5,0,7,0,530,850,5180
786,24,3,6,0,7,1,550,850,5180
787,24,3,7,1,7,1,570,850,5180
788,24,3,8,0,7,0,530,850,5180
789,24,3,9,0,7,1,550,850,5180
790,24,3,10,0,7,1,570,850,5180
791,24,3,11,1,7,1,550,850,5180
792,25,1,1,0,7,0,550,850,5180
793,25,1,2,0,7,0,570,850,5180
794,25,1,3,1,7,1,480,850,5180
795,25,1,4,0,7,0,580,850,5180
796,25,1,5,1,7,0,530,850,5180
797,25,1,6,0,7,1,550,850,5180
798,25,1,7,1,7,1,570,850,5180
799,25,1,8,1,7,1,530,850,5180
800,25,1,9,1,7,1,550,850,5180
801,25,1,10,1,7,0,570,850,5180
802,25,1,11,1,7,1,550,850,5180
803,25,2,1,1,10,1,550,850,5180
804,25,2,2,1,10,1,570,850,5180
805,25,2,3,0,10,1,480,850,5180
806,25,2,4,0,10,0,580,850,5180
807,25,2,5,0,10,0,530,850,5180
808,25,2,6,1,10,1,550,850,5180
809,25,2,7,1,10,1,570,850,5180
810,25,2,8,1,10,1,530,850,5180
811,25,2,9,0,10,1,550,850,5180
812,25,2,10,1,10,1,570,850,5180
813,25,2,11,1,10,1,550,850,5180
814,25,3,1,1,10,1,550,850,5180
815,25,3,2,0,10,0,570,850,5180
816,25,3,3,0,10,1,480,850,5180
817,25,3,4,1,10,1,580,850,5180
818,25,3,5,1,10,1,530,850,5180
819,25,3,6,1,10,1,550,850,5180
820,25,3,7,1,10,1,570,850,5180
821,25,3,8,1,10,1,530,850,5180
822,25,3,9,1,10,1,550,850,5180
823,25,3,10,1,10,1,570,850,5180
824,25,3,11,0,10,1,550,850,5180
825,26,1,1,1,5,1,550,850,5180
826,26,1,2,0,5,0,570,850,5180
827,26,1,3,1,5,1,480,850,5180
828,26,1,4,1,5,1,580,850,5180
829,26,1,5,1,5,1,530,850,5180
830,26,1,6,0,5,0,550,850,5180
831,26,1,7,1,5,1,570,850,5180
832,26,1,8,1,5,0,530,850,5180
833,26,1,9,0,5,0,550,850,5180
834,26,1,10,1,5,0,570,850,5180
835,26,1,11,0,5,0,550,850,5180
836,26,2,1,0,8,0,550,850,5180
837,26,2,2,0,8,1,570,850,5180
838,26,2,3,1,8,1,480,850,5180
839,26,2,4,0,8,1,580,850,5180
840,26,2,5,0,8,0,530,850,5180
841,26,2,6,0,8,1,550,850,5180
842,26,2,7,1,8,1,570,850,5180
843,26,2,8,1,8,1,530,850,5180
844,26,2,9,0,8,0,550,850,5180
845,26,2,10,0,8,0,570,850,5180
846,26,2,11,1,8,1,550,850,5180
847,26,3,1,1,5,0,550,850,5180
848,26,3,2,0,5,1,570,850,5180
849,26,3,3,0,5,0,480,850,5180
850,26,3,4,1,5,1,580,850,5180
851,26,3,5,1,5,1,530,850,5180
852,26,3,6,0,5,0,550,850,5180
853,26,3,7,0,5,0,570,850,5180
854,26,3,8,1,5,1,530,850,5180
855,26,3,9,0,5,1,550,850,5180
856,26,3,10,0,5,0,570,850,5180
857,26,3,11,0,5,0,550,850,5180
858,27,1,1,1,5,0,550,850,5180
859,27,1,2,1,5,1,570,850,5180
860,27,1,3,0,5,0,480,850,5180
861,27,1,4,1,5,1,580,850,5180
862,27,1,5,0,5,0,530,850,5180
863,27,1,6,1,5,0,550,850,5180
864,27,1,7,1,5,1,570,850,5180
865,27,1,8,0,5,0,530,850,5180
866,27,1,9,1,5,1,550,850,5180
867,27,1,10,0,5,1,570,850,5180
868,27,1,11,0,5,1,550,850,5180
869,27,2,1,0,7,1,550,850,5180
870,27,2,2,1,7,1,570,850,5180
871,27,2,3,0,7,0,480,850,5180
872,27,2,4,0,7,0,580,850,5180
873,27,2,5,1,7,1,530,850,5180
874,27,2,6,1,7,0,550,850,5180
875,27,2,7,0,7,1,570,850,5180
876,27,2,8,1,7,0,530,850,5180
877,27,2,9,1,7,1,550,850,5180
878,27,2,10,1,7,1,570,850,5180
879,27,2,11,0,7,1,550,850,5180
880,27,3,1,0,8,0,550,850,5180
881,27,3,2,1,8,1,570,850,5180
882,27,3,3,1,8,1,480,850,5180
883,27,3,4,0,8,0,580,850,5180
884,27,3,5,0,8,1,530,850,5180
885,27,3,6,1,8,1,550,850,5180
886,27,3,7,0,8,1,570,850,5180
887,27,3,8,1,8,1,530,850,5180
888,27,3,9,1,8,1,550,850,5180
889,27,3,10,1,8,1,570,850,5180
890,27,3,11,0,8,0,550,850,5180
891,28,1,1,0,10,1,550,850,5180
892,28,1,2,0,10,0,570,850,5180
893,28,1,3,1,10,1,480,850,5180
894,28,1,4,1,10,1,580,850,5180
895,28,1,5,0,10,1,530,850,5180
896,28,1,6,1,10,1,550,850,5180
897,28,1,7,1,10,1,570,850,5180
898,28,1,8,1,10,1,530,850,5180
899,28,1,9,1,10,1,550,850,5180
900,28,1,10,0,10,1,570,850,5180
901,28,1,11,1,10,1,550,850,5180
902,28,2,1,1,7,0,550,850,5180
903,28,2,2,0,7,1,570,850,5180
904,28,2,3,0,7,1,480,850,5180
905,28,2,4,1,7,1,580,850,5180
906,28,2,5,1,7,0,530,850,5180
907,28,2,6,0,7,0,550,850,5180
908,28,2,7,1,7,1,570,850,5180
909,28,2,8,1,7,1,530,850,5180
910,28,2,9,1,7,1,550,850,5180
911,28,2,10,1,7,1,570,850,5180
912,28,2,11,1,7,0,550,850,5180
913,28,3,1,1,5,0,550,850,5180
914,28,3,2,0,5,0,570,850,5180
915,28,3,3,1,5,1,480,850,5180
916,28,3,4,1,5,1,580,850,5180
917,28,3,5,0,5,1,530,850,5180
918,28,3,6,0,5,0,550,850,5180
919,28,3,7,1,5,1,570,850,5180
920,28,3,8,1,5,0,530,850,5180
921,28,3,9,0,5,1,550,850,5180
922,28,3,10,1,5,0,570,850,5180
923,28,3,11,1,5,0,550,850,5180
924,29,1,1,0,5,1,550,850,5180
925,29,1,2,0,5,1,570,850,5180
926,29,1,3,1,5,1,480,850,5180
927,29,1,4,0,5,0,580,850,5180
928,29,1,5,0,5,0,530,850,5180
929,29,1,6,1,5,0,550,850,5180
930,29,1,7,0,5,0,570,850,5180
931,29,1,8,0,5,0,530,850,5180
932,29,1,9,1,5,1,550,850,5180
933,29,1,10,1,5,1,570,850,5180
934,29,1,11,0,5,1,550,850,5180
935,29,2,1,1,8,1,550,850,5180
936,29,2,2,1,8,1,570,850,5180
937,29,2,3,0,8,1,480,850,5180
938,29,2,4,0,8,1,580,850,5180
939,29,2,5,1,8,0,530,850,5180
940,29,2,6,1,8,0,550,850,5180
941,29,2,7,0,8,1,570,850,5180
942,29,2,8,0,8,0,530,850,5180
943,29,2,9,0,8,1,550,850,5180
944,29,2,10,0,8,1,570,850,5180
945,29,2,11,0,8,1,550,850,5180
946,29,3,1,1,9,1,550,850,5180
947,29,3,2,0,9,1,570,850,5180
948,29,3,3,0,9,1,480,850,5180
949,29,3,4,0,9,0,580,850,5180
950,29,3,5,1,9,0,530,850,5180
951,29,3,6,0,9,1,550,850,5180
952,29,3,7,0,9,1,570,850,5180
953,29,3,8,1,9,1,530,850,5180
954,29,3,9,1,9,1,550,850,5180
955,29,3,10,0,9,1,570,850,5180
956,29,3,11,1,9,1,550,850,5180
957,30,1,1,1,10,1,550,850,5180
958,30,1,2,0,10,0,570,850,5180
959,30,1,3,1,10,1,480,850,5180
960,30,1,4,1,10,1,580,850,5180
961,30,1,5,1,10,0,530,850,5180
962,30,1,6,1,10,1,550,850,5180
963,30,1,7,1,10,1,570,850,5180
964,30,1,8,1,10,1,530,850,5180
965,30,1,9,1,10,1,550,850,5180
966,30,1,10,1,10,1,570,850,5180
967,30,1,11,0,10,1,550,850,5180
968,30,2,1,1,7,0,550,850,5180
969,30,2,2,0,7,1,570,850,5180
970,30,2,3,1,7,1,480,850,5180
971,30,2,4,1,7,1,580,850,5180
972,30,2,5,1,7,1,530,850,5180
973,30,2,6,0,7,0,550,850,5180
974,30,2,7,1,7,1,570,850,5180
975,30,2,8,1,7,0,530,850,5180
976,30,2,9,1,7,1,550,850,5180
977,30,2,10,0,7,0,570,850,5180
978,30,2,11,1,7,1,550,850,5180
979,30,3,1,0,7,0,550,850,5180
980,30,3,2,0,7,1,570,850,5180
981,30,3,3,1,7,1,480,850,5180
982,30,3,4,1,7,0,580,850,5180
983,30,3,5,0,7,1,530,850,5180
984,30,3,6,0,7,0,550,850,5180
985,30,3,7,1,7,1,570,850,5180
986,30,3,8,0,7,1,530,850,5180
987,30,3,9,1,7,1,550,850,5180
988,30,3,10,1,7,1,570,850,5180
989,30,3,11,0,7,0,550,850,5180
