Id,P_D1S1,P_D1S2,P_D1S3,P_D2S1,P_D2S2,P_D2S3,P_D3S1,P_D3S2,P_D3S3,P_D4S1,P_D4S2,P_D4S3,P_D5S1,P_D5S2,P_D5S3,P_D6S1,P_D6S2,P_D6S3,P_D7S1,P_D7S2,P_D7S3,P_D8S1,P_D8S2,P_D8S3,P_D9S1,P_D9S2,P_D9S3,P_D10S1,P_D10S2,P_D10S3,P_D11S1,P_D11S2,P_D11S3,P_D12S1,P_D12S2,P_D12S3,P_D13S1,P_D13S2,P_D13S3,P_D14S1,P_D14S2,P_D14S3,P_D15S1,P_D15S2,P_D15S3,P_D16S1,P_D16S2,P_D16S3,P_D17S1,P_D17S2,P_D17S3,P_D18S1,P_D18S2,P_D18S3,P_D19S1,P_D19S2,P_D19S3,P_D20S1,P_D20S2,P_D20S3,P_D21S1,P_D21S2,P_D21S3,P_D22S1,P_D22S2,P_D22S3,P_D23S1,P_D23S2,P_D23S3,P_D24S1,P_D24S2,P_D24S3,P_D25S1,P_D25S2,P_D25S3,P_D26S1,P_D26S2,P_D26S3,P_D27S1,P_D27S2,P_D27S3,P_D28S1,P_D28S2,P_D28S3,P_D29S1,P_D29S2,P_D29S3,P_D30S1,P_D30S2,P_D30S3,FR_D1S1,FR_D1S2,FR_D1S3,FR_D2S1,FR_D2S2,FR_D2S3,FR_D3S1,FR_D3S2,FR_D3S3,FR_D4S1,FR_D4S2,FR_D4S3,FR_D5S1,FR_D5S2,FR_D5S3,FR_D6S1,FR_D6S2,FR_D6S3,FR_D7S1,FR_D7S2,FR_D7S3,FR_D8S1,FR_D8S2,FR_D8S3,FR_D9S1,FR_D9S2,FR_D9S3,FR_D10S1,FR_D10S2,FR_D10S3,FR_D11S1,FR_D11S2,FR_D11S3,FR_D12S1,FR_D12S2,FR_D12S3,FR_D13S1,FR_D13S2,FR_D13S3,FR_D14S1,FR_D14S2,FR_D14S3,FR_D15S1,FR_D15S2,FR_D15S3,FR_D16S1,FR_D16S2,FR_D16S3,FR_D17S1,FR_D17S2,FR_D17S3,FR_D18S1,FR_D18S2,FR_D18S3,FR_D19S1,FR_D19S2,FR_D19S3,FR_D20S1,FR_D20S2,FR_D20S3,FR_D21S1,FR_D21S2,FR_D21S3,FR_D22S1,FR_D22S2,FR_D22S3,FR_D23S1,FR_D23S2,FR_D23S3,FR_D24S1,FR_D24S2,FR_D24S3,FR_D25S1,FR_D25S2,FR_D25S3,FR_D26S1,FR_D26S2,FR_D26S3,FR_D27S1,FR_D27S2,FR_D27S3,FR_D28S1,FR_D28S2,FR_D28S3,FR_D29S1,FR_D29S2,FR_D29S3,FR_D30S1,FR_D30S2,FR_D30S3,S_D1S1,S_D1S2,S_D1S3,S_D2S1,S_D2S2,S_D2S3,S_D3S1,S_D3S2,S_D3S3,S_D4S1,S_D4S2,S_D4S3,S_D5S1,S_D5S2,S_D5S3,S_D6S1,S_D6S2,S_D6S3,S_D7S1,S_D7S2,S_D7S3,S_D8S1,S_D8S2,S_D8S3,S_D9S1,S_D9S2,S_D9S3,S_D10S1,S_D10S2,S_D10S3,S_D11S1,S_D11S2,S_D11S3,S_D12S1,S_D12S2,S_D12S3,S_D13S1,S_D13S2,S_D13S3,S_D14S1,S_D14S2,S_D14S3,S_D15S1,S_D15S2,S_D15S3,S_D16S1,S_D16S2,S_D16S3,S_D17S1,S_D17S2,S_D17S3,S_D18S1,S_D18S2,S_D18S3,S_D19S1,S_D19S2,S_D19S3,S_D20S1,S_D20S2,S_D20S3,S_D21S1,S_D21S2,S_D21S3,S_D22S1,S_D22S2,S_D22S3,S_D23S1,S_D23S2,S_D23S3,S_D24S1,S_D24S2,S_D24S3,S_D25S1,S_D25S2,S_D25S3,S_D26S1,S_D26S2,S_D26S3,S_D27S1,S_D27S2,S_D27S3,S_D28S1,S_D28S2,S_D28S3,S_D29S1,S_D29S2,S_D29S3,S_D30S1,S_D30S2,S_D30S3,worker_fitness,mismatchWorkerRequirments,mismatchFirmRequirmments
0,0,0,0,1,1,1,1,0,0,1,0,1,1,1,1,1,1,1,1,0,0,0,0,1,0,0,1,1,0,1,1,1,0,0,0,1,0,1,0,1,1,0,0,0,1,1,0,1,1,0,1,1,1,0,0,1,1,1,0,1,0,1,1,0,0,0,1,1,0,1,1,1,1,1,1,1,0,1,0,0,1,0,0,0,0,1,1,0,0,1,20,19,15,15,16,21,21,24,19,14,24,14,23,15,21,16,24,18,22,12,14,14,20,22,15,21,22,24,21,15,19,12,24,24,19,22,20,17,20,23,21,24,13,23,15,13,14,22,21,15,13,21,22,22,23,16,19,19,17,21,14,13,15,16,20,21,14,18,24,14,15,24,17,19,12,13,24,24,16,17,16,12,19,19,14,12,22,16,23,13,1,1,1,1,0,0,0,1,0,1,1,0,1,1,0,0,1,1,1,1,0,1,1,1,0,1,1,1,0,1,1,0,1,0,0,1,1,0,1,1,0,1,1,1,1,0,0,1,0,0,1,1,1,1,1,0,1,1,0,1,0,0,1,0,1,1,0,0,1,1,1,1,0,1,0,1,1,1,1,0,0,0,0,0,1,0,0,1,1,1,225,3140,628
1,0,1,0,1,1,0,1,0,0,0,1,1,1,0,0,0,1,0,0,0,1,1,1,1,1,1,0,0,1,1,1,0,1,0,0,1,0,0,1,1,1,0,1,1,0,0,0,1,1,0,1,0,1,0,1,1,1,1,1,0,1,1,0,0,1,0,0,1,0,0,1,0,0,0,1,0,0,1,0,1,0,0,0,0,1,0,1,1,1,1,20,19,15,15,16,21,21,24,19,14,24,14,23,15,21,16,24,18,22,12,14,14,20,22,15,21,22,24,21,15,19,12,24,24,19,22,20,17,20,23,21,24,13,23,15,13,14,22,21,15,13,21,22,22,23,16,19,19,17,21,14,13,15,16,20,21,14,18,24,14,15,24,17,19,12,13,24,24,16,17,16,12,19,19,14,12,22,16,23,13,1,1,0,1,1,1,1,1,1,1,1,0,1,0,0,0,1,1,1,1,0,0,1,1,1,0,1,1,1,1,0,0,1,1,1,1,0,0,1,1,1,0,0,1,0,1,0,1,1,0,1,1,1,1,1,1,1,1,0,1,0,1,0,1,1,1,1,0,0,0,1,1,0,0,0,1,0,1,1,1,1,0,0,0,0,0,1,1,1,0,275,3140,628
2,1,1,0,1,1,1,1,1,0,1,1,0,1,1,1,1,1,0,1,1,0,1,1,0,0,0,0,0,0,0,0,1,0,1,1,1,0,1,1,0,0,1,1,1,1,0,0,1,0,0,0,1,0,1,1,1,0,1,0,1,1,1,1,0,1,0,0,1,1,0,0,0,1,1,1,1,0,1,1,1,1,1,0,0,1,1,1,1,1,0,20,19,15,15,16,21,21,24,19,14,24,14,23,15,21,16,24,18,22,12,14,14,20,22,15,21,22,24,21,15,19,12,24,24,19,22,20,17,20,23,21,24,13,23,15,13,14,22,21,15,13,21,22,22,23,16,19,19,17,21,14,13,15,16,20,21,14,18,24,14,15,24,17,19,12,13,24,24,16,17,16,12,19,19,14,12,22,16,23,13,1,1,0,1,1,1,1,1,1,0,1,0,1,1,1,0,1,0,1,1,0,0,0,1,1,1,1,0,1,1,1,1,1,1,0,1,1,1,1,1,1,1,0,1,1,1,1,1,1,0,0,1,0,1,0,0,1,1,0,1,0,1,1,0,1,1,1,1,0,1,0,0,1,1,1,1,0,0,1,1,1,1,0,0,0,1,1,1,1,1,290,3140,628
3,0,1,1,0,0,1,1,0,1,0,0,1,1,1,1,0,0,1,0,1,0,0,1,0,1,1,1,1,1,0,1,1,1,1,0,1,1,1,0,1,0,1,1,1,0,1,0,0,0,1,1,1,0,0,1,0,0,1,1,1,1,1,0,1,0,0,0,0,0,1,1,0,0,1,0,0,0,1,1,0,1,1,0,1,0,1,1,0,0,1,20,19,15,15,16,21,21,24,19,14,24,14,23,15,21,16,24,18,22,12,14,14,20,22,15,21,22,24,21,15,19,12,24,24,19,22,20,17,20,23,21,24,13,23,15,13,14,22,21,15,13,21,22,22,23,16,19,19,17,21,14,13,15,16,20,21,14,18,24,14,15,24,17,19,12,13,24,24,16,17,16,12,19,19,14,12,22,16,23,13,0,0,1,0,1,1,0,0,1,1,0,1,1,1,1,1,0,0,1,0,0,0,1,0,1,1,0,0,0,1,1,0,1,1,0,1,1,1,1,1,1,0,0,1,0,0,1,1,1,1,0,1,1,1,1,1,1,0,1,1,1,1,1,1,1,0,0,0,0,1,1,0,1,1,1,1,0,1,1,0,1,1,0,0,0,1,1,1,1,1,275,3140,628
4,1,0,1,1,0,1,0,1,0,1,0,0,0,1,0,1,0,1,1,0,0,1,1,0,0,1,0,0,1,1,1,1,1,0,1,1,0,1,0,0,0,1,1,1,1,0,0,0,1,1,1,0,0,1,1,0,0,1,1,1,1,1,1,1,0,1,0,1,1,0,1,1,1,0,1,1,0,0,0,0,0,0,1,0,1,1,0,0,1,0,20,19,15,15,16,21,21,24,19,14,24,14,23,15,21,16,24,18,22,12,14,14,20,22,15,21,22,24,21,15,19,12,24,24,19,22,20,17,20,23,21,24,13,23,15,13,14,22,21,15,13,21,22,22,23,16,19,19,17,21,14,13,15,16,20,21,14,18,24,14,15,24,17,19,12,13,24,24,16,17,16,12,19,19,14,12,22,16,23,13,0,1,1,0,0,1,1,0,0,1,1,1,1,1,0,1,1,0,0,1,1,1,1,0,0,0,0,0,1,0,1,0,0,1,1,0,0,0,1,0,1,1,0,0,1,0,0,1,0,1,1,1,1,1,1,1,0,1,0,1,0,0,1,0,0,1,1,0,0,0,0,1,0,1,0,0,1,1,1,1,1,1,1,1,1,1,0,1,1,0,205,3140,628
5,1,1,0,1,0,0,1,1,1,1,1,1,0,1,1,1,1,0,0,1,0,0,0,0,0,1,1,1,0,0,1,1,1,1,0,0,0,0,1,0,1,1,1,1,0,0,1,0,0,1,1,0,1,0,0,0,0,0,1,1,0,0,1,1,0,0,1,0,0,0,1,1,1,1,1,0,0,0,1,0,1,0,1,0,0,1,1,0,0,0,20,19,15,15,16,21,21,24,19,14,24,14,23,15,21,16,24,18,22,12,14,14,20,22,15,21,22,24,21,15,19,12,24,24,19,22,20,17,20,23,21,24,13,23,15,13,14,22,21,15,13,21,22,22,23,16,19,19,17,21,14,13,15,16,20,21,14,18,24,14,15,24,17,19,12,13,24,24,16,17,16,12,19,19,14,12,22,16,23,13,1,1,1,1,1,1,1,1,1,1,1,1,1,1,1,1,0,1,0,1,0,0,0,1,1,1,1,1,0,1,0,0,1,1,1,1,1,1,1,1,1,1,1,1,0,1,0,1,0,1,0,1,1,0,1,1,0,1,1,1,1,0,1,1,0,0,0,1,1,1,1,1,1,1,0,0,1,0,1,0,0,1,1,0,0,0,0,1,1,1,260,3140,628
6,0,1,0,1,0,0,1,1,0,1,1,1,0,1,1,1,1,0,0,0,0,1,1,1,1,0,1,0,1,0,0,1,0,0,1,1,0,1,1,1,0,0,0,0,0,0,1,1,1,1,0,0,1,1,0,1,1,0,1,0,0,1,0,1,1,1,0,0,0,0,0,0,0,0,0,1,0,1,0,1,1,1,1,0,0,0,1,0,0,0,20,19,15,15,16,21,21,24,19,14,24,14,23,15,21,16,24,18,22,12,14,14,20,22,15,21,22,24,21,15,19,12,24,24,19,22,20,17,20,23,21,24,13,23,15,13,14,22,21,15,13,21,22,22,23,16,19,19,17,21,14,13,15,16,20,21,14,18,24,14,15,24,17,19,12,13,24,24,16,17,16,12,19,19,14,12,22,16,23,13,0,1,0,1,1,1,0,1,1,1,1,1,1,1,0,1,0,1,0,1,1,0,0,1,0,1,1,0,1,1,0,0,0,0,1,1,1,0,1,1,0,0,1,1,0,0,1,1,1,1,1,1,1,0,1,0,1,1,1,0,1,0,0,0,1,1,0,1,0,0,1,0,0,1,1,1,0,0,1,1,1,0,0,1,1,0,1,0,1,0,250,3140,628
7,0,1,0,1,1,0,0,0,1,0,0,1,0,1,1,0,0,0,1,0,0,0,1,1,1,1,1,0,0,1,0,1,0,1,1,0,1,0,1,1,1,0,1,0,0,0,1,1,0,1,0,0,1,1,0,1,0,1,1,1,1,0,1,1,1,0,1,1,0,1,0,1,1,1,1,0,1,0,0,1,1,0,1,0,1,0,1,1,0,1,20,19,15,15,16,21,21,24,19,14,24,14,23,15,21,16,24,18,22,12,14,14,20,22,15,21,22,24,21,15,19,12,24,24,19,22,20,17,20,23,21,24,13,23,15,13,14,22,21,15,13,21,22,22,23,16,19,19,17,21,14,13,15,16,20,21,14,18,24,14,15,24,17,19,12,13,24,24,16,17,16,12,19,19,14,12,22,16,23,13,1,1,1,1,1,0,1,1,1,1,1,1,0,0,1,1,1,0,0,0,1,1,1,1,0,1,1,0,1,1,0,1,1,0,0,0,1,1,1,0,1,1,1,1,0,0,1,0,0,1,1,1,1,1,1,0,1,1,0,1,1,0,1,1,0,0,0,1,1,0,0,1,1,1,1,1,0,0,1,1,0,1,0,1,1,0,1,0,1,0,240,3140,628
8,1,1,1,0,0,1,1,0,1,0,0,0,0,0,0,0,1,1,1,0,0,0,0,1,0,0,1,1,1,0,0,1,1,0,1,1,0,1,1,0,0,0,0,1,0,1,1,1,0,1,1,0,1,0,1,1,0,1,1,0,1,1,1,1,0,0,1,0,1,1,1,1,1,1,0,0,1,1,0,0,1,0,0,0,1,0,1,1,0,1,20,19,15,15,16,21,21,24,19,14,24,14,23,15,21,16,24,18,22,12,14,14,20,22,15,21,22,24,21,15,19,12,24,24,19,22,20,17,20,23,21,24,13,23,15,13,14,22,21,15,13,21,22,22,23,16,19,19,17,21,14,13,15,16,20,21,14,18,24,14,15,24,17,19,12,13,24,24,16,17,16,12,19,19,14,12,22,16,23,13,1,0,0,1,1,0,0,1,1,0,0,1,1,0,1,0,1,1,1,0,0,1,1,1,0,1,1,1,1,1,1,0,0,0,1,0,0,0,1,1,1,0,0,1,0,0,1,1,1,1,0,0,1,0,1,1,0,1,1,0,1,1,1,1,1,0,1,0,0,0,1,1,1,1,1,0,0,1,1,1,0,0,0,0,1,0,1,0,1,1,280,3140,628
9,0,0,0,0,0,0,1,1,1,1,0,0,1,0,0,1,0,0,0,0,1,1,1,0,1,1,0,1,1,1,0,0,0,0,0,0,0,1,1,0,0,0,1,0,0,1,0,0,0,0,0,0,1,1,0,1,1,1,1,0,0,1,0,1,1,1,1,1,0,1,0,0,1,0,1,1,1,1,0,0,0,0,1,0,1,1,1,1,0,0,20,19,15,15,16,21,21,24,19,14,24,14,23,15,21,16,24,18,22,12,14,14,20,22,15,21,22,24,21,15,19,12,24,24,19,22,20,17,20,23,21,24,13,23,15,13,14,22,21,15,13,21,22,22,23,16,19,19,17,21,14,13,15,16,20,21,14,18,24,14,15,24,17,19,12,13,24,24,16,17,16,12,19,19,14,12,22,16,23,13,1,0,1,0,1,0,1,1,0,0,1,1,1,1,0,1,1,1,1,0,0,1,1,1,1,0,1,0,1,0,1,1,0,1,1,0,0,0,1,1,0,1,0,0,1,0,0,1,1,1,0,0,1,1,1,1,1,1,1,0,1,1,1,0,1,0,1,1,0,1,0,1,1,0,0,1,0,0,0,1,1,0,1,0,1,1,1,1,1,1,235,3140,628
10,0,1,1,0,1,0,0,0,0,0,1,1,1,1,0,0,0,0,1,1,0,0,1,1,0,0,0,0,0,1,1,0,1,0,0,1,1,0,1,1,1,1,1,0,0,1,0,0,0,0,0,1,0,1,0,0,0,1,0,1,1,1,0,1,0,1,0,0,0,1,1,0,0,1,1,1,0,1,0,0,0,0,0,0,0,0,0,0,0,1,20,19,15,15,16,21,21,24,19,14,24,14,23,15,21,16,24,18,22,12,14,14,20,22,15,21,22,24,21,15,19,12,24,24,19,22,20,17,20,23,21,24,13,23,15,13,14,22,21,15,13,21,22,22,23,16,19,19,17,21,14,13,15,16,20,21,14,18,24,14,15,24,17,19,12,13,24,24,16,17,16,12,19,19,14,12,22,16,23,13,0,1,0,0,0,0,0,1,1,0,0,1,1,1,1,1,1,1,1,0,1,1,1,1,0,0,0,0,0,1,1,0,1,1,1,1,0,1,0,1,0,1,1,1,0,1,1,0,0,0,1,0,1,1,1,0,1,0,0,1,1,0,0,1,1,0,1,1,1,1,1,0,0,1,1,0,1,1,1,1,0,0,0,1,1,0,1,1,1,0,240,3140,628
11,1,0,0,0,0,0,0,1,0,0,0,1,0,1,0,1,1,1,0,1,0,0,1,0,1,0,1,0,1,1,0,0,0,0,1,1,1,0,1,0,0,1,0,1,0,1,1,0,1,1,0,0,0,1,0,1,0,1,0,0,0,0,1,0,1,1,0,0,0,1,0,0,1,0,1,0,1,0,0,1,0,1,0,0,1,0,0,0,0,0,20,19,15,15,16,21,21,24,19,14,24,14,23,15,21,16,24,18,22,12,14,14,20,22,15,21,22,24,21,15,19,12,24,24,19,22,20,17,20,23,21,24,13,23,15,13,14,22,21,15,13,21,22,22,23,16,19,19,17,21,14,13,15,16,20,21,14,18,24,14,15,24,17,19,12,13,24,24,16,17,16,12,19,19,14,12,22,16,23,13,1,1,1,1,0,1,1,1,1,0,0,1,0,1,0,1,1,1,1,1,0,0,1,0,0,0,1,0,1,0,1,1,1,1,1,1,1,1,0,1,1,0,0,1,1,1,1,0,1,0,0,1,0,1,0,0,0,1,1,0,0,1,1,0,1,1,1,1,1,0,1,1,1,1,1,1,1,1,0,1,1,1,0,0,1,1,1,0,1,1,260,3140,628
12,0,1,0,1,0,0,0,1,1,0,0,0,1,1,0,1,0,1,1,1,1,0,0,0,0,0,0,0,0,0,0,0,1,0,0,1,1,1,1,0,0,0,0,0,1,1,0,1,1,0,0,0,1,0,1,0,1,0,1,1,0,1,0,1,1,1,0,0,1,1,0,0,0,0,1,0,1,1,1,1,1,1,0,1,0,1,1,0,0,1,20,19,15,15,16,21,21,24,19,14,24,14,23,15,21,16,24,18,22,12,14,14,20,22,15,21,22,24,21,15,19,12,24,24,19,22,20,17,20,23,21,24,13,23,15,13,14,22,21,15,13,21,22,22,23,16,19,19,17,21,14,13,15,16,20,21,14,18,24,14,15,24,17,19,12,13,24,24,16,17,16,12,19,19,14,12,22,16,23,13,1,1,0,0,1,0,1,1,0,1,0,0,1,0,1,1,1,0,0,1,1,0,1,0,1,1,1,0,1,0,1,0,1,0,0,1,1,0,1,0,0,1,0,1,1,1,0,1,1,1,0,0,1,1,1,1,1,0,0,0,0,1,1,1,0,1,0,0,1,0,1,0,0,0,1,0,1,1,0,0,0,1,1,1,0,0,0,1,1,1,265,3140,628
13,0,0,0,0,1,1,1,1,1,0,1,0,0,0,0,1,0,1,1,0,0,0,1,0,1,0,1,0,1,1,1,1,1,1,0,1,1,0,1,0,0,1,1,0,0,1,1,0,1,0,1,1,1,1,0,1,0,0,1,0,1,1,1,1,0,0,1,1,0,1,1,1,0,1,0,0,0,1,0,0,0,0,1,0,1,1,1,0,1,0,20,19,15,15,16,21,21,24,19,14,24,14,23,15,21,16,24,18,22,12,14,14,20,22,15,21,22,24,21,15,19,12,24,24,19,22,20,17,20,23,21,24,13,23,15,13,14,22,21,15,13,21,22,22,23,16,19,19,17,21,14,13,15,16,20,21,14,18,24,14,15,24,17,19,12,13,24,24,16,17,16,12,19,19,14,12,22,16,23,13,0,1,1,0,1,1,0,1,0,1,1,1,1,1,1,1,0,0,0,0,1,1,1,0,0,1,0,0,1,0,1,1,1,1,1,1,1,1,1,1,0,0,0,0,0,1,1,1,1,0,1,0,1,1,0,0,1,1,0,1,1,0,1,0,0,0,1,0,0,0,0,0,1,0,0,0,1,1,0,0,0,1,1,0,1,0,1,1,0,0,240,3140,628
14,0,1,0,0,1,0,1,1,0,0,1,1,1,1,0,1,0,1,0,0,0,0,1,0,1,1,0,0,1,0,1,1,1,1,0,1,0,0,0,0,1,1,0,1,1,1,0,0,0,0,0,0,0,1,0,1,1,1,1,0,1,0,1,1,0,1,0,1,1,0,0,1,1,1,0,1,1,0,0,0,1,1,0,0,0,0,1,0,0,1,20,19,15,15,16,21,21,24,19,14,24,14,23,15,21,16,24,18,22,12,14,14,20,22,15,21,22,24,21,15,19,12,24,24,19,22,20,17,20,23,21,24,13,23,15,13,14,22,21,15,13,21,22,22,23,16,19,19,17,21,14,13,15,16,20,21,14,18,24,14,15,24,17,19,12,13,24,24,16,17,16,12,19,19,14,12,22,16,23,13,0,1,1,0,0,1,1,1,1,1,1,1,1,0,1,0,0,1,1,1,0,1,0,1,1,1,0,0,1,0,1,1,1,1,0,1,0,1,1,1,1,1,1,1,1,1,0,1,0,1,1,0,1,1,0,1,1,0,0,1,1,0,0,1,1,1,0,1,0,1,1,0,1,1,0,1,1,1,1,0,1,1,1,1,0,0,1,1,1,0,265,3140,628
15,1,0,1,1,0,0,0,1,0,0,0,0,1,1,1,1,0,1,0,0,0,0,1,1,0,0,1,1,0,1,1,1,0,1,0,0,1,0,1,1,1,0,1,1,1,0,0,1,1,1,1,0,1,1,1,1,1,0,0,1,1,1,0,0,0,1,1,0,1,1,1,1,0,1,0,1,0,0,1,1,0,1,1,0,0,0,1,0,1,0,20,19,15,15,16,21,21,24,19,14,24,14,23,15,21,16,24,18,22,12,14,14,20,22,15,21,22,24,21,15,19,12,24,24,19,22,20,17,20,23,21,24,13,23,15,13,14,22,21,15,13,21,22,22,23,16,19,19,17,21,14,13,15,16,20,21,14,18,24,14,15,24,17,19,12,13,24,24,16,17,16,12,19,19,14,12,22,16,23,13,1,0,1,1,0,1,0,1,0,0,0,0,0,1,0,1,1,0,0,1,1,0,0,1,1,0,0,1,0,1,1,1,1,1,1,1,0,1,0,1,1,0,0,1,1,0,0,0,0,1,0,1,1,0,1,0,1,1,0,0,1,0,1,0,0,0,0,1,1,0,1,0,1,1,0,0,1,0,1,1,0,0,1,1,1,0,1,1,0,0,250,3140,628
16,1,1,0,1,0,0,0,0,0,1,1,1,1,1,0,0,1,0,0,0,1,1,1,0,0,1,1,1,0,1,1,0,1,1,1,1,0,1,0,0,1,0,1,0,0,1,1,1,0,0,0,0,0,1,0,0,0,0,0,0,0,1,0,0,1,1,0,0,1,0,0,1,1,0,0,0,1,1,1,0,0,1,0,1,1,0,0,1,0,1,20,19,15,15,16,21,21,24,19,14,24,14,23,15,21,16,24,18,22,12,14,14,20,22,15,21,22,24,21,15,19,12,24,24,19,22,20,17,20,23,21,24,13,23,15,13,14,22,21,15,13,21,22,22,23,16,19,19,17,21,14,13,15,16,20,21,14,18,24,14,15,24,17,19,12,13,24,24,16,17,16,12,19,19,14,12,22,16,23,13,0,0,0,0,0,1,1,0,1,1,1,0,1,1,1,1,0,0,0,0,1,1,1,1,1,1,1,0,1,1,1,1,0,1,0,0,0,1,0,1,0,1,1,1,0,0,1,0,1,0,1,0,0,1,1,1,0,0,1,1,0,1,1,1,1,1,1,0,1,1,1,1,1,0,0,1,0,0,1,1,1,0,1,1,1,1,1,1,1,1,225,3140,628
17,1,1,0,1,0,0,0,1,1,0,1,0,1,1,1,0,0,0,0,0,1,1,1,0,0,1,1,0,1,0,0,0,1,0,1,0,0,1,1,0,1,0,0,0,1,0,0,0,0,1,0,1,0,0,1,1,1,1,1,0,1,0,1,0,0,1,0,1,0,0,1,1,0,0,1,1,0,1,0,1,0,1,1,0,0,1,1,1,0,0,20,19,15,15,16,21,21,24,19,14,24,14,23,15,21,16,24,18,22,12,14,14,20,22,15,21,22,24,21,15,19,12,24,24,19,22,20,17,20,23,21,24,13,23,15,13,14,22,21,15,13,21,22,22,23,16,19,19,17,21,14,13,15,16,20,21,14,18,24,14,15,24,17,19,12,13,24,24,16,17,16,12,19,19,14,12,22,16,23,13,1,1,1,1,0,0,1,0,1,0,1,1,1,1,1,1,1,1,0,1,0,0,1,1,1,1,1,1,1,0,1,0,1,1,0,0,1,1,0,1,0,0,0,1,1,0,1,1,1,0,0,1,0,0,1,1,1,1,1,0,0,0,1,0,1,1,0,1,0,1,0,0,0,1,1,1,0,1,0,1,1,0,0,1,1,0,1,1,1,0,260,3140,628
18,1,0,1,0,0,1,0,1,1,1,1,0,0,1,0,1,0,0,0,1,1,1,1,1,0,1,0,0,1,0,0,0,0,0,0,0,1,0,0,0,1,0,0,0,1,0,0,0,0,1,1,0,0,1,1,1,0,1,1,0,0,1,0,1,1,1,1,0,1,1,1,0,0,0,0,0,1,1,1,1,1,0,1,0,0,0,1,0,1,1,20,19,15,15,16,21,21,24,19,14,24,14,23,15,21,16,24,18,22,12,14,14,20,22,15,21,22,24,21,15,19,12,24,24,19,22,20,17,20,23,21,24,13,23,15,13,14,22,21,15,13,21,22,22,23,16,19,19,17,21,14,13,15,16,20,21,14,18,24,14,15,24,17,19,12,13,24,24,16,17,16,12,19,19,14,12,22,16,23,13,1,1,1,1,1,1,1,1,1,1,1,1,1,0,1,1,1,1,1,1,1,0,1,0,1,1,1,0,1,0,1,0,0,0,1,1,1,0,1,1,1,1,0,0,0,1,1,1,1,1,0,1,0,1,0,0,1,1,0,1,0,0,0,1,1,0,1,0,1,0,1,0,1,0,1,1,1,1,1,0,1,0,1,1,1,1,0,1,0,1,220,3140,628
19,0,0,1,1,1,0,0,0,0,0,0,0,1,1,1,1,1,0,1,1,1,0,0,0,1,0,1,0,0,0,1,1,1,0,1,1,1,0,1,1,0,1,1,1,0,0,0,1,0,1,0,1,1,0,1,1,0,1,0,0,1,1,1,1,0,0,0,1,1,0,0,0,1,0,1,0,1,1,0,1,0,1,1,0,0,0,1,0,0,1,20,19,15,15,16,21,21,24,19,14,24,14,23,15,21,16,24,18,22,12,14,14,20,22,15,21,22,24,21,15,19,12,24,24,19,22,20,17,20,23,21,24,13,23,15,13,14,22,21,15,13,21,22,22,23,16,19,19,17,21,14,13,15,16,20,21,14,18,24,14,15,24,17,19,12,13,24,24,16,17,16,12,19,19,14,12,22,16,23,13,1,1,0,0,0,1,1,0,0,1,1,0,1,0,0,1,1,1,0,1,1,0,1,1,1,1,1,0,1,1,1,1,1,1,0,1,0,0,0,1,1,0,1,0,1,0,0,1,0,1,1,0,0,0,1,1,1,0,1,0,1,1,0,1,1,0,0,1,0,1,0,1,0,1,1,1,1,1,0,1,0,1,0,1,0,0,1,0,1,1,235,3140,628
20,0,0,1,1,0,0,1,1,1,1,1,0,0,0,1,0,0,0,0,0,0,1,1,0,1,1,1,0,1,1,1,0,1,1,1,1,0,0,0,1,1,1,1,0,1,0,0,1,1,1,1,0,0,0,0,1,1,1,0,0,0,0,1,1,1,1,1,0,1,1,0,0,0,1,1,0,0,1,0,1,1,1,1,1,0,1,1,1,1,1,20,19,15,15,16,21,21,24,19,14,24,14,23,15,21,16,24,18,22,12,14,14,20,22,15,21,22,24,21,15,19,12,24,24,19,22,20,17,20,23,21,24,13,23,15,13,14,22,21,15,13,21,22,22,23,16,19,19,17,21,14,13,15,16,20,21,14,18,24,14,15,24,17,19,12,13,24,24,16,17,16,12,19,19,14,12,22,16,23,13,0,0,1,1,1,1,1,1,1,1,1,0,0,1,1,0,0,1,0,1,1,1,0,1,1,0,1,1,0,1,1,0,1,1,1,1,1,0,0,1,1,1,0,1,1,0,1,1,0,1,0,0,1,1,0,1,1,0,0,0,0,1,0,0,1,0,0,1,1,1,1,1,1,1,0,0,1,1,0,1,1,1,0,0,1,0,0,1,1,1,270,3140,628
21,1,1,1,1,1,1,1,0,1,1,0,0,0,0,1,1,1,0,1,0,0,0,0,1,0,1,0,1,1,0,1,0,1,1,0,1,0,0,0,1,0,1,0,1,1,0,1,0,1,1,1,0,0,0,0,1,0,0,0,1,1,1,0,0,0,0,1,0,0,0,1,0,0,0,0,1,0,1,1,0,0,0,1,1,0,0,1,1,1,1,20,19,15,15,16,21,21,24,19,14,24,14,23,15,21,16,24,18,22,12,14,14,20,22,15,21,22,24,21,15,19,12,24,24,19,22,20,17,20,23,21,24,13,23,15,13,14,22,21,15,13,21,22,22,23,16,19,19,17,21,14,13,15,16,20,21,14,18,24,14,15,24,17,19,12,13,24,24,16,17,16,12,19,19,14,12,22,16,23,13,0,1,1,1,1,1,1,1,1,0,1,1,0,0,0,0,1,1,0,0,1,1,1,1,1,1,1,1,1,0,1,0,1,0,1,0,1,1,0,1,1,1,0,1,0,0,1,1,1,1,1,1,0,0,1,1,1,1,1,1,1,1,1,0,0,1,1,0,1,0,1,1,0,0,0,1,1,1,1,1,1,0,0,1,1,0,1,1,1,1,270,3140,628
22,0,0,1,1,0,0,1,0,0,1,0,0,0,1,1,1,1,1,1,0,1,0,0,1,0,0,0,0,0,1,1,0,1,1,0,0,0,0,0,1,0,0,1,0,1,0,0,1,1,1,0,1,1,1,1,0,1,0,1,1,0,1,0,1,1,1,0,1,1,1,1,0,1,1,1,0,0,1,1,0,0,1,1,0,1,1,1,1,1,1,20,19,15,15,16,21,21,24,19,14,24,14,23,15,21,16,24,18,22,12,14,14,20,22,15,21,22,24,21,15,19,12,24,24,19,22,20,17,20,23,21,24,13,23,15,13,14,22,21,15,13,21,22,22,23,16,19,19,17,21,14,13,15,16,20,21,14,18,24,14,15,24,17,19,12,13,24,24,16,17,16,12,19,19,14,12,22,16,23,13,1,1,1,0,0,1,1,0,0,0,1,1,1,1,1,1,1,0,1,0,1,1,1,0,0,1,1,0,1,1,0,0,1,0,0,1,0,1,1,1,1,1,0,1,1,1,1,1,1,0,0,1,0,1,1,1,0,1,0,1,0,1,0,0,1,1,1,1,0,1,1,0,0,1,0,1,0,1,1,0,1,0,1,0,1,0,0,1,1,0,235,3140,628
23,0,1,1,1,1,1,0,1,1,0,1,0,1,0,0,1,0,0,1,0,0,0,1,0,0,0,0,1,0,1,1,1,0,0,0,1,1,1,1,0,0,0,0,1,1,1,1,0,0,1,1,1,0,0,1,0,0,0,1,0,1,1,1,1,0,0,1,0,1,1,1,1,1,1,1,0,0,1,1,1,1,0,0,1,0,1,0,1,1,1,20,19,15,15,16,21,21,24,19,14,24,14,23,15,21,16,24,18,22,12,14,14,20,22,15,21,22,24,21,15,19,12,24,24,19,22,20,17,20,23,21,24,13,23,15,13,14,22,21,15,13,21,22,22,23,16,19,19,17,21,14,13,15,16,20,21,14,18,24,14,15,24,17,19,12,13,24,24,16,17,16,12,19,19,14,12,22,16,23,13,0,1,0,0,0,0,1,1,1,0,1,0,1,0,1,1,0,1,1,1,0,0,1,0,0,0,1,1,0,1,1,1,0,0,1,0,1,1,0,1,1,1,1,1,0,1,1,1,0,1,1,0,0,0,1,1,1,0,1,1,1,1,1,0,0,1,1,1,1,1,0,0,1,1,0,0,1,1,1,1,0,0,0,1,0,1,0,0,0,0,285,3140,628
24,1,0,1,1,0,0,0,0,1,0,0,0,1,1,0,1,0,1,1,0,1,1,0,1,0,1,0,1,1,1,1,0,0,0,1,0,0,1,0,0,0,0,0,0,0,1,0,0,1,0,0,0,1,0,0,0,0,0,0,0,1,1,0,0,0,1,1,0,0,1,0,1,0,1,0,0,1,0,0,1,1,1,0,0,0,1,1,1,0,0,20,19,15,15,16,21,21,24,19,14,24,14,23,15,21,16,24,18,22,12,14,14,20,22,15,21,22,24,21,15,19,12,24,24,19,22,20,17,20,23,21,24,13,23,15,13,14,22,21,15,13,21,22,22,23,16,19,19,17,21,14,13,15,16,20,21,14,18,24,14,15,24,17,19,12,13,24,24,16,17,16,12,19,19,14,12,22,16,23,13,1,1,1,0,0,0,1,1,1,0,0,0,1,0,1,1,0,1,1,1,1,0,0,0,0,0,1,0,1,1,0,0,1,1,0,0,0,1,1,1,1,1,1,1,1,1,1,1,1,0,0,0,1,1,1,0,1,0,1,1,1,0,0,0,1,1,0,1,1,0,1,1,0,1,0,1,1,0,1,1,1,1,1,0,1,0,1,0,1,0,230,3140,628
