id,day,shift,worker_id,preference,requirements,assigned,workerPenalty,workerPreference,sumFitnness
0,1,1,1,0,7,0,1000,6120,5120
1,1,1,2,0,7,0,1000,6120,5120
2,1,1,3,0,7,1,1000,6120,5120
3,1,1,4,0,7,1,1000,6120,5120
4,1,1,5,0,7,0,1000,6120,5120
5,1,1,6,1,7,1,1000,6120,5120
6,1,1,7,0,7,1,1000,6120,5120
7,1,1,8,1,7,1,1000,6120,5120
8,1,1,9,1,7,1,1000,6120,5120
9,1,1,10,1,7,1,1000,6120,5120
10,1,1,11,0,7,0,1000,6120,5120
11,1,2,1,1,7,1,1000,6120,5120
12,1,2,2,1,7,0,1000,6120,5120
13,1,2,3,0,7,0,1000,6120,5120
14,1,2,4,1,7,1,1000,6120,5120
15,1,2,5,1,7,1,1000,6120,5120
16,1,2,6,0,7,1,1000,6120,5120
17,1,2,7,0,7,1,1000,6120,5120
18,1,2,8,1,7,1,1000,6120,5120
19,1,2,9,1,7,0,1000,6120,5120
20,1,2,10,0,7,1,1000,6120,5120
21,1,2,11,1,7,1,1000,6120,5120
22,1,3,1,1,7,1,1000,6120,5120
23,1,3,2,0,7,1,1000,6120,5120
24,1,3,3,1,7,0,1000,6120,5120
25,1,3,4,0,7,0,1000,6120,5120
26,1,3,5,1,7,1,1000,6120,5120
27,1,3,6,1,7,1,1000,6120,5120
28,1,3,7,1,7,1,1000,6120,5120
29,1,3,8,0,7,1,1000,6120,5120
30,1,3,9,0,7,1,1000,6120,5120
31,1,3,10,0,7,0,1000,6120,5120
32,1,3,11,1,7,0,1000,6120,5120
33,2,1,1,0,5,1,1000,6120,5120
34,2,1,2,0,5,0,1000,6120,5120
35,2,1,3,1,5,1,1000,6120,5120
36,2,1,4,0,5,0,1000,6120,5120
37,2,1,5,0,5,0,1000,6120,5120
38,2,1,6,1,5,0,1000,6120,5120
39,2,1,7,0,5,0,1000,6120,5120
40,2,1,8,1,5,1,1000,6120,5120
41,2,1,9,0,5,0,1000,6120,5120
42,2,1,10,1,5,1,1000,6120,5120
43,2,1,11,1,5,1,1000,6120,5120
44,2,2,1,1,5,1,1000,6120,5120
45,2,2,2,0,5,0,1000,6120,5120
46,2,2,3,1,5,0,1000,6120,5120
47,2,2,4,0,5,0,1000,6120,5120
48,2,2,5,0,5,0,1000,6120,5120
49,2,2,6,1,5,0,1000,6120,5120
50,2,2,7,0,5,0,1000,6120,5120
51,2,2,8,0,5,1,1000,6120,5120
52,2,2,9,0,5,0,1000,6120,5120
53,2,2,10,1,5,1,1000,6120,5120
54,2,2,11,1,5,1,1000,6120,5120
55,2,3,1,0,9,1,1000,6120,5120
56,2,3,2,0,9,1,1000,6120,5120
57,2,3,3,0,9,1,1000,6120,5120
58,2,3,4,1,9,1,1000,6120,5120
59,2,3,5,0,9,1,1000,6120,5120
60,2,3,6,0,9,1,1000,6120,5120
61,2,3,7,0,9,1,1000,6120,5120
62,2,3,8,1,9,1,1000,6120,5120
63,2,3,9,0,9,0,1000,6120,5120
64,2,3,10,1,9,0,1000,6120,5120
65,2,3,11,1,9,1,1000,6120,5120
66,3,1,1,1,7,1,1000,6120,5120
67,3,1,2,0,7,1,1000,6120,5120
68,3,1,3,0,7,0,1000,6120,5120
69,3,1,4,1,7,0,1000,6120,5120
70,3,1,5,1,7,1,1000,6120,5120
71,3,1,6,1,7,1,1000,6120,5120
72,3,1,7,1,7,0,1000,6120,5120
73,3,1,8,0,7,1,1000,6120,5120
74,3,1,9,1,7,1,1000,6120,5120
75,3,1,10,1,7,0,1000,6120,5120
76,3,1,11,1,7,1,1000,6120,5120
77,3,2,1,0,8,0,1000,6120,5120
78,3,2,2,1,8,1,1000,6120,5120
79,3,2,3,0,8,1,1000,6120,5120
80,3,2,4,0,8,0,1000,6120,5120
81,3,2,5,1,8,1,1000,6120,5120
82,3,2,6,1,8,1,1000,6120,5120
83,3,2,7,1,8,1,1000,6120,5120
84,3,2,8,0,8,1,1000,6120,5120
85,3,2,9,1,8,1,1000,6120,5120
86,3,2,10,0,8,1,1000,6120,5120
87,3,2,11,1,8,0,1000,6120,5120
88,3,3,1,1,9,1,1000,6120,5120
89,3,3,2,0,9,1,1000,6120,5120
90,3,3,3,0,9,1,1000,6120,5120
91,3,3,4,0,9,1,1000,6120,5120
92,3,3,5,0,9,0,1000,6120,5120
93,3,3,6,0,9,1,1000,6120,5120
94,3,3,7,1,9,1,1000,6120,5120
95,3,3,8,0,9,1,1000,6120,5120
96,3,3,9,0,9,1,1000,6120,5120
97,3,3,10,0,9,1,1000,6120,5120
98,3,3,11,0,9,0,1000,6120,5120
99,4,1,1,0,6,1,1000,6120,5120
100,4,1,2,0,6,0,1000,6120,5120
101,4,1,3,0,6,1,1000,6120,5120
102,4,1,4,1,6,0,1000,6120,5120
103,4,1,5,0,6,1,1000,6120,5120
104,4,1,6,0,6,0,1000,6120,5120
105,4,1,7,1,6,1,1000,6120,5120
106,4,1,8,1,6,0,1000,6120,5120
107,4,1,9,1,6,0,1000,6120,5120
108,4,1,10,1,6,1,1000,6120,5120
109,4,1,11,1,6,1,1000,6120,5120
110,4,2,1,0,10,1,1000,6120,5120
111,4,2,2,1,10,1,1000,6120,5120
112,4,2,3,0,10,1,1000,6120,5120
113,4,2,4,0,10,1,1000,6120,5120
114,4,2,5,1,10,1,1000,6120,5120
115,4,2,6,1,10,1,1000,6120,5120
116,4,2,7,1,10,1,1000,6120,5120
117,4,2,8,1,10,1,1000,6120,5120
118,4,2,9,1,10,0,1000,6120,5120
119,4,2,10,1,10,1,1000,6120,5120
120,4,2,11,0,10,1,1000,6120,5120
121,4,3,1,0,10,0,1000,6120,5120
122,4,3,2,1,10,1,1000,6120,5120
123,4,3,3,0,10,1,1000,6120,5120
124,4,3,4,0,10,1,1000,6120,5120
125,4,3,5,0,10,1,1000,6120,5120
126,4,3,6,0,10,1,1000,6120,5120
127,4,3,7,1,10,1,1000,6120,5120
128,4,3,8,0,10,1,1000,6120,5120
129,4,3,9,0,10,1,1000,6120,5120
130,4,3,10,0,10,1,1000,6120,5120
131,4,3,11,0,10,1,1000,6120,5120
132,5,1,1,1,8,1,1000,6120,5120
133,5,1,2,0,8,1,1000,6120,5120
134,5,1,3,0,8,0,1000,6120,5120
135,5,1,4,0,8,0,1000,6120,5120
136,5,1,5,1,8,1,1000,6120,5120
137,5,1,6,1,8,0,1000,6120,5120
138,5,1,7,0,8,0,1000,6120,5120
139,5,1,8,1,8,1,1000,6120,5120
140,5,1,9,0,8,1,1000,6120,5120
141,5,1,10,1,8,1,1000,6120,5120
142,5,1,11,1,8,1,1000,6120,5120
143,5,2,1,0,9,1,1000,6120,5120
144,5,2,2,0,9,1,1000,6120,5120
145,5,2,3,0,9,1,1000,6120,5120
146,5,2,4,1,9,1,1000,6120,5120
147,5,2,5,0,9,0,1000,6120,5120
148,5,2,6,0,9,0,1000,6120,5120
149,5,2,7,1,9,1,1000,6120,5120
150,5,2,8,1,9,1,1000,6120,5120
151,5,2,9,0,9,1,1000,6120,5120
152,5,2,10,1,9,1,1000,6120,5120
153,5,2,11,1,9,1,1000,6120,5120
154,5,3,1,0,5,1,1000,6120,5120
155,5,3,2,1,5,0,1000,6120,5120
156,5,3,3,0,5,1,1000,6120,5120
157,5,3,4,1,5,1,1000,6120,5120
158,5,3,5,1,5,1,1000,6120,5120
159,5,3,6,0,5,0,1000,6120,5120
160,5,3,7,1,5,1,1000,6120,5120
161,5,3,8,1,5,0,1000,6120,5120
162,5,3,9,1,5,0,1000,6120,5120
163,5,3,10,0,5,0,1000,6120,5120
164,5,3,11,1,5,0,1000,6120,5120
165,6,1,1,0,5,0,1000,6120,5120
166,6,1,2,1,5,0,1000,6120,5120
167,6,1,3,0,5,1,1000,6120,5120
168,6,1,4,0,5,0,1000,6120,5120
169,6,1,5,1,5,0,1000,6120,5120
170,6,1,6,0,5,1,1000,6120,5120
171,6,1,7,0,5,1,1000,6120,5120
172,6,1,8,1,5,1,1000,6120,5120
173,6,1,9,0,5,0,1000,6120,5120
174,6,1,10,0,5,0,1000,6120,5120
175,6,1,11,1,5,1,1000,6120,5120
176,6,2,1,1,6,1,1000,6120,5120
177,6,2,2,1,6,0,1000,6120,5120
178,6,2,3,1,6,1,1000,6120,5120
179,6,2,4,0,6,0,1000,6120,5120
180,6,2,5,1,6,1,1000,6120,5120
181,6,2,6,1,6,1,1000,6120,5120
182,6,2,7,0,6,0,1000,6120,5120
183,6,2,8,0,6,0,1000,6120,5120
184,6,2,9,0,6,1,1000,6120,5120
185,6,2,10,0,6,1,1000,6120,5120
186,6,2,11,0,6,0,1000,6120,5120
187,6,3,1,0,5,0,1000,6120,5120
188,6,3,2,0,5,0,1000,6120,5120
189,6,3,3,1,5,0,1000,6120,5120
190,6,3,4,1,5,0,1000,6120,5120
191,6,3,5,0,5,1,1000,6120,5120
192,6,3,6,1,5,1,1000,6120,5120
193,6,3,7,0,5,0,1000,6120,5120
194,6,3,8,1,5,1,1000,6120,5120
195,6,3,9,1,5,1,1000,6120,5120
196,6,3,10,0,5,1,1000,6120,5120
197,6,3,11,1,5,0,1000,6120,5120
198,7,1,1,0,8,1,1000,6120,5120
199,7,1,2,0,8,1,1000,6120,5120
200,7,1,3,1,8,1,1000,6120,5120
201,7,1,4,1,8,1,1000,6120,5120
202,7,1,5,0,8,0,1000,6120,5120
203,7,1,6,1,8,0,1000,6120,5120
204,7,1,7,0,8,1,1000,6120,5120
205,7,1,8,0,8,0,1000,6120,5120
206,7,1,9,1,8,1,1000,6120,5120
207,7,1,10,0,8,1,1000,6120,5120
208,7,1,11,1,8,1,1000,6120,5120
209,7,2,1,1,9,1,1000,6120,5120
210,7,2,2,1,9,1,1000,6120,5120
211,7,2,3,0,9,1,1000,6120,5120
212,7,2,4,0,9,0,1000,6120,5120
213,7,2,5,0,9,1,1000,6120,5120
214,7,2,6,1,9,1,1000,6120,5120
215,7,2,7,0,9,1,1000,6120,5120
216,7,2,8,1,9,1,1000,6120,5120
217,7,2,9,1,9,1,1000,6120,5120
218,7,2,10,0,9,1,1000,6120,5120
219,7,2,11,0,9,1,1000,6120,5120
220,7,3,1,1,6,1,1000,6120,5120
221,7,3,2,0,6,0,1000,6120,5120
222,7,3,3,1,6,1,1000,6120,5120
223,7,3,4,1,6,1,1000,6120,5120
224,7,3,5,1,6,0,1000,6120,5120
225,7,3,6,1,6,0,1000,6120,5120
226,7,3,7,0,6,0,1000,6120,5120
227,7,3,8,0,6,1,1000,6120,5120
228,7,3,9,0,6,1,1000,6120,5120
229,7,3,10,0,6,0,1000,6120,5120
230,7,3,11,1,6,1,1000,6120,5120
231,8,1,1,0,8,1,1000,6120,5120
232,8,1,2,1,8,0,1000,6120,5120
233,8,1,3,1,8,1,1000,6120,5120
234,8,1,4,0,8,1,1000,6120,5120
235,8,1,5,0,8,0,1000,6120,5120
236,8,1,6,1,8,1,1000,6120,5120
237,8,1,7,1,8,1,1000,6120,5120
238,8,1,8,0,8,1,1000,6120,5120
239,8,1,9,0,8,0,1000,6120,5120
240,8,1,10,0,8,1,1000,6120,5120
241,8,1,11,0,8,1,1000,6120,5120
242,8,2,1,1,7,1,1000,6120,5120
243,8,2,2,0,7,0,1000,6120,5120
244,8,2,3,0,7,1,1000,6120,5120
245,8,2,4,0,7,0,1000,6120,5120
246,8,2,5,0,7,1,1000,6120,5120
247,8,2,6,1,7,0,1000,6120,5120
248,8,2,7,0,7,0,1000,6120,5120
249,8,2,8,0,7,1,1000,6120,5120
250,8,2,9,1,7,1,1000,6120,5120
251,8,2,10,0,7,1,1000,6120,5120
252,8,2,11,0,7,0,1000,6120,5120
253,8,3,1,1,5,1,1000,6120,5120
254,8,3,2,1,5,0,1000,6120,5120
255,8,3,3,0,5,1,1000,6120,5120
256,8,3,4,1,5,1,1000,6120,5120
257,8,3,5,1,5,1,1000,6120,5120
258,8,3,6,0,5,0,1000,6120,5120
259,8,3,7,0,5,0,1000,6120,5120
260,8,3,8,0,5,0,1000,6120,5120
261,8,3,9,0,5,0,1000,6120,5120
262,8,3,10,0,5,0,1000,6120,5120
263,8,3,11,1,5,1,1000,6120,5120
264,9,1,1,0,10,0,1000,6120,5120
265,9,1,2,1,10,1,1000,6120,5120
266,9,1,3,0,10,1,1000,6120,5120
267,9,1,4,0,10,1,1000,6120,5120
268,9,1,5,1,10,1,1000,6120,5120
269,9,1,6,0,10,1,1000,6120,5120
270,9,1,7,0,10,1,1000,6120,5120
271,9,1,8,0,10,1,1000,6120,5120
272,9,1,9,0,10,1,1000,6120,5120
273,9,1,10,0,10,1,1000,6120,5120
274,9,1,11,1,10,1,1000,6120,5120
275,9,2,1,0,5,1,1000,6120,5120
276,9,2,2,1,5,1,1000,6120,5120
277,9,2,3,1,5,0,1000,6120,5120
278,9,2,4,0,5,0,1000,6120,5120
279,9,2,5,0,5,1,1000,6120,5120
280,9,2,6,1,5,1,1000,6120,5120
281,9,2,7,1,5,1,1000,6120,5120
282,9,2,8,0,5,0,1000,6120,5120
283,9,2,9,0,5,0,1000,6120,5120
284,9,2,10,0,5,0,1000,6120,5120
285,9,2,11,0,5,0,1000,6120,5120
286,9,3,1,1,10,1,1000,6120,5120
287,9,3,2,1,10,1,1000,6120,5120
288,9,3,3,0,10,1,1000,6120,5120
289,9,3,4,0,10,1,1000,6120,5120
290,9,3,5,0,10,1,1000,6120,5120
291,9,3,6,1,10,1,1000,6120,5120
292,9,3,7,0,10,0,1000,6120,5120
293,9,3,8,1,10,1,1000,6120,5120
294,9,3,9,0,10,1,1000,6120,5120
295,9,3,10,1,10,1,1000,6120,5120
296,9,3,11,1,10,1,1000,6120,5120
297,10,1,1,1,7,1,1000,6120,5120
298,10,1,2,0,7,1,1000,6120,5120
299,10,1,3,0,7,0,1000,6120,5120
300,10,1,4,1,7,0,1000,6120,5120
301,10,1,5,1,7,1,1000,6120,5120
302,10,1,6,1,7,1,1000,6120,5120
303,10,1,7,1,7,0,1000,6120,5120
304,10,1,8,1,7,1,1000,6120,5120
305,10,1,9,0,7,1,1000,6120,5120
306,10,1,10,0,7,0,1000,6120,5120
307,10,1,11,0,7,1,1000,6120,5120
308,10,2,1,1,10,1,1000,6120,5120
309,10,2,2,1,10,1,1000,6120,5120
310,10,2,3,0,10,0,1000,6120,5120
311,10,2,4,1,10,1,1000,6120,5120
312,10,2,5,1,10,0,1000,6120,5120
313,10,2,6,1,10,1,1000,6120,5120
314,10,2,7,1,10,1,1000,6120,5120
315,10,2,8,0,10,1,1000,6120,5120
316,10,2,9,1,10,1,1000,6120,5120
317,10,2,10,0,10,1,1000,6120,5120
318,10,2,11,1,10,1,1000,6120,5120
319,10,3,1,1,10,1,1000,6120,5120
320,10,3,2,1,10,1,1000,6120,5120
321,10,3,3,1,10,1,1000,6120,5120
322,10,3,4,1,10,1,1000,6120,5120
323,10,3,5,0,10,0,1000,6120,5120
324,10,3,6,1,10,1,1000,6120,5120
325,10,3,7,1,10,1,1000,6120,5120
326,10,3,8,1,10,1,1000,6120,5120
327,10,3,9,0,10,1,1000,6120,5120
328,10,3,10,0,10,1,1000,6120,5120
329,10,3,11,0,10,1,1000,6120,5120
330,11,1,1,0,5,1,1000,6120,5120
331,11,1,2,0,5,0,1000,6120,5120
332,11,1,3,0,5,0,1000,6120,5120
333,11,1,4,0,5,0,1000,6120,5120
334,11,1,5,0,5,0,1000,6120,5120
335,11,1,6,0,5,0,1000,6120,5120
336,11,1,7,1,5,1,1000,6120,5120
337,11,1,8,0,5,0,1000,6120,5120
338,11,1,9,0,5,1,1000,6120,5120
339,11,1,10,1,5,1,1000,6120,5120
340,11,1,11,1,5,0,1000,6120,5120
341,11,2,1,1,8,1,1000,6120,5120
342,11,2,2,0,8,0,1000,6120,5120
343,11,2,3,1,8,1,1000,6120,5120
344,11,2,4,1,8,1,1000,6120,5120
345,11,2,5,1,8,1,1000,6120,5120
346,11,2,6,1,8,1,1000,6120,5120
347,11,2,7,0,8,1,1000,6120,5120
348,11,2,8,1,8,0,1000,6120,5120
349,11,2,9,1,8,1,1000,6120,5120
350,11,2,10,0,8,1,1000,6120,5120
351,11,2,11,0,8,0,1000,6120,5120
352,11,3,1,0,6,0,1000,6120,5120
353,11,3,2,1,6,1,1000,6120,5120
354,11,3,3,1,6,1,1000,6120,5120
355,11,3,4,0,6,0,1000,6120,5120
356,11,3,5,1,6,1,1000,6120,5120
357,11,3,6,0,6,0,1000,6120,5120
358,11,3,7,1,6,1,1000,6120,5120
359,11,3,8,0,6,0,1000,6120,5120
360,11,3,9,1,6,0,1000,6120,5120
361,11,3,10,0,6,1,1000,6120,5120
362,11,3,11,0,6,0,1000,6120,5120
363,12,1,1,0,9,1,1000,6120,5120
364,12,1,2,1,9,1,1000,6120,5120
365,12,1,3,0,9,0,1000,6120,5120
366,12,1,4,0,9,0,1000,6120,5120
367,12,1,5,0,9,1,1000,6120,5120
368,12,1,6,1,9,1,1000,6120,5120
369,12,1,7,0,9,1,1000,6120,5120
370,12,1,8,0,9,0,1000,6120,5120
371,12,1,9,1,9,0,1000,6120,5120
372,12,1,10,0,9,1,1000,6120,5120
373,12,1,11,0,9,1,1000,6120,5120
374,12,2,1,0,6,1,1000,6120,5120
375,12,2,2,0,6,0,1000,6120,5120
376,12,2,3,0,6,0,1000,6120,5120
377,12,2,4,1,6,1,1000,6120,5120
378,12,2,5,0,6,0,1000,6120,5120
379,12,2,6,1,6,1,1000,6120,5120
380,12,2,7,1,6,0,1000,6120,5120
381,12,2,8,1,6,1,1000,6120,5120
382,12,2,9,1,6,1,1000,6120,5120
383,12,2,10,1,6,0,1000,6120,5120
384,12,2,11,1,6,1,1000,6120,5120
385,12,3,1,1,8,1,1000,6120,5120
386,12,3,2,1,8,1,1000,6120,5120
387,12,3,3,1,8,1,1000,6120,5120
388,12,3,4,1,8,1,1000,6120,5120
389,12,3,5,1,8,0,1000,6120,5120
390,12,3,6,1,8,0,1000,6120,5120
391,12,3,7,1,8,1,1000,6120,5120
392,12,3,8,1,8,1,1000,6120,5120
393,12,3,9,0,8,0,1000,6120,5120
394,12,3,10,1,8,1,1000,6120,5120
395,12,3,11,1,8,0,1000,6120,5120
396,13,1,1,0,5,0,1000,6120,5120
397,13,1,2,0,5,0,1000,6120,5120
398,13,1,3,0,5,0,1000,6120,5120
399,13,1,4,1,5,1,1000,6120,5120
400,13,1,5,0,5,1,1000,6120,5120
401,13,1,6,0,5,0,1000,6120,5120
402,13,1,7,0,5,1,1000,6120,5120
403,13,1,8,0,5,1,1000,6120,5120
404,13,1,9,1,5,1,1000,6120,5120
405,13,1,10,1,5,0,1000,6120,5120
406,13,1,11,1,5,0,1000,6120,5120
407,13,2,1,0,8,0,1000,6120,5120
408,13,2,2,1,8,1,1000,6120,5120
409,13,2,3,0,8,0,1000,6120,5120
410,13,2,4,1,8,1,1000,6120,5120
411,13,2,5,1,8,1,1000,6120,5120
412,13,2,6,1,8,1,1000,6120,5120
413,13,2,7,1,8,1,1000,6120,5120
414,13,2,8,1,8,0,1000,6120,5120
415,13,2,9,1,8,1,1000,6120,5120
416,13,2,10,1,8,1,1000,6120,5120
417,13,2,11,1,8,1,1000,6120,5120
418,13,3,1,0,9,0,1000,6120,5120
419,13,3,2,0,9,1,1000,6120,5120
420,13,3,3,1,9,1,1000,6120,5120
421,13,3,4,0,9,1,1000,6120,5120
422,13,3,5,0,9,1,1000,6120,5120
423,13,3,6,1,9,1,1000,6120,5120
424,13,3,7,0,9,1,1000,6120,5120
425,13,3,8,1,9,1,1000,6120,5120
426,13,3,9,1,9,1,1000,6120,5120
427,13,3,10,0,9,0,1000,6120,5120
428,13,3,11,0,9,1,1000,6120,5120
429,14,1,1,0,10,1,1000,6120,5120
430,14,1,2,1,10,1,1000,6120,5120
431,14,1,3,0,10,1,1000,6120,5120
432,14,1,4,0,10,1,1000,6120,5120
433,14,1,5,1,10,0,1000,6120,5120
434,14,1,6,0,10,1,1000,6120,5120
435,14,1,7,0,10,1,1000,6120,5120
436,14,1,8,0,10,1,1000,6120,5120
437,14,1,9,0,10,0,1000,6120,5120
438,14,1,10,1,10,1,1000,6120,5120
439,14,1,11,0,10,1,1000,6120,5120
440,14,2,1,1,6,1,1000,6120,5120
441,14,2,2,1,6,1,1000,6120,5120
442,14,2,3,0,6,0,1000,6120,5120
443,14,2,4,1,6,1,1000,6120,5120
444,14,2,5,0,6,0,1000,6120,5120
445,14,2,6,1,6,1,1000,6120,5120
446,14,2,7,1,6,1,1000,6120,5120
447,14,2,8,1,6,1,1000,6120,5120
448,14,2,9,1,6,0,1000,6120,5120
449,14,2,10,1,6,1,1000,6120,5120
450,14,2,11,0,6,0,1000,6120,5120
451,14,3,1,0,9,0,1000,6120,5120
452,14,3,2,0,9,1,1000,6120,5120
453,14,3,3,0,9,1,1000,6120,5120
454,14,3,4,0,9,0,1000,6120,5120
455,14,3,5,1,9,1,1000,6120,5120
456,14,3,6,1,9,1,1000,6120,5120
457,14,3,7,0,9,1,1000,6120,5120
458,14,3,8,0,9,1,1000,6120,5120
459,14,3,9,1,9,1,1000,6120,5120
460,14,3,10,1,9,1,1000,6120,5120
461,14,3,11,0,9,1,1000,6120,5120
462,15,1,1,0,6,0,1000,6120,5120
463,15,1,2,0,6,0,1000,6120,5120
464,15,1,3,1,6,1,1000,6120,5120
465,15,1,4,1,6,1,1000,6120,5120
466,15,1,5,0,6,0,1000,6120,5120
467,15,1,6,1,6,1,1000,6120,5120
468,15,1,7,0,6,0,1000,6120,5120
469,15,1,8,1,6,0,1000,6120,5120
470,15,1,9,1,6,1,1000,6120,5120
471,15,1,10,1,6,1,1000,6120,5120
472,15,1,11,1,6,1,1000,6120,5120
473,15,2,1,0,5,1,1000,6120,5120
474,15,2,2,0,5,1,1000,6120,5120
475,15,2,3,0,5,0,1000,6120,5120
476,15,2,4,0,5,0,1000,6120,5120
477,15,2,5,0,5,0,1000,6120,5120
478,15,2,6,1,5,0,1000,6120,5120
479,15,2,7,1,5,1,1000,6120,5120
480,15,2,8,0,5,1,1000,6120,5120
481,15,2,9,0,5,0,1000,6120,5120
482,15,2,10,1,5,0,1000,6120,5120
483,15,2,11,0,5,1,1000,6120,5120
484,15,3,1,0,9,1,1000,6120,5120
485,15,3,2,0,9,1,1000,6120,5120
486,15,3,3,1,9,1,1000,6120,5120
487,15,3,4,0,9,1,1000,6120,5120
488,15,3,5,0,9,1,1000,6120,5120
489,15,3,6,0,9,1,1000,6120,5120
490,15,3,7,0,9,0,1000,6120,5120
491,15,3,8,1,9,0,1000,6120,5120
492,15,3,9,1,9,1,1000,6120,5120
493,15,3,10,1,9,1,1000,6120,5120
494,15,3,11,1,9,1,1000,6120,5120
495,16,1,1,0,8,0,1000,6120,5120
496,16,1,2,1,8,1,1000,6120,5120
497,16,1,3,1,8,1,1000,6120,5120
498,16,1,4,1,8,1,1000,6120,5120
499,16,1,5,1,8,1,1000,6120,5120
500,16,1,6,1,8,1,1000,6120,5120
501,16,1,7,1,8,1,1000,6120,5120
502,16,1,8,0,8,0,1000,6120,5120
503,16,1,9,0,8,0,1000,6120,5120
504,16,1,10,1,8,1,1000,6120,5120
505,16,1,11,0,8,1,1000,6120,5120
506,16,2,1,0,7,1,1000,6120,5120
507,16,2,2,0,7,1,1000,6120,5120
508,16,2,3,0,7,0,1000,6120,5120
509,16,2,4,0,7,0,1000,6120,5120
510,16,2,5,1,7,1,1000,6120,5120
511,16,2,6,0,7,0,1000,6120,5120
512,16,2,7,0,7,1,1000,6120,5120
513,16,2,8,1,7,1,1000,6120,5120
514,16,2,9,0,7,0,1000,6120,5120
515,16,2,10,0,7,1,1000,6120,5120
516,16,2,11,1,7,1,1000,6120,5120
517,16,3,1,0,5,1,1000,6120,5120
518,16,3,2,0,5,0,1000,6120,5120
519,16,3,3,0,5,0,1000,6120,5120
520,16,3,4,0,5,1,1000,6120,5120
521,16,3,5,0,5,0,1000,6120,5120
522,16,3,6,0,5,1,1000,6120,5120
523,16,3,7,1,5,0,1000,6120,5120
524,16,3,8,0,5,1,1000,6120,5120
525,16,3,9,0,5,0,1000,6120,5120
526,16,3,10,0,5,0,1000,6120,5120
527,16,3,11,1,5,1,1000,6120,5120
528,17,1,1,1,7,1,1000,6120,5120
529,17,1,2,0,7,0,1000,6120,5120
530,17,1,3,0,7,0,1000,6120,5120
531,17,1,4,0,7,0,1000,6120,5120
532,17,1,5,0,7,1,1000,6120,5120
533,17,1,6,0,7,1,1000,6120,5120
534,17,1,7,0,7,1,1000,6120,5120
535,17,1,8,0,7,1,1000,6120,5120
536,17,1,9,1,7,1,1000,6120,5120
537,17,1,10,0,7,0,1000,6120,5120
538,17,1,11,1,7,1,1000,6120,5120
539,17,2,1,1,9,1,1000,6120,5120
540,17,2,2,1,9,1,1000,6120,5120
541,17,2,3,1,9,1,1000,6120,5120
542,17,2,4,1,9,1,1000,6120,5120
543,17,2,5,0,9,1,1000,6120,5120
544,17,2,6,1,9,1,1000,6120,5120
545,17,2,7,1,9,1,1000,6120,5120
546,17,2,8,0,9,1,1000,6120,5120
547,17,2,9,0,9,0,1000,6120,5120
548,17,2,10,1,9,1,1000,6120,5120
549,17,2,11,1,9,0,1000,6120,5120
550,17,3,1,1,8,1,1000,6120,5120
551,17,3,2,1,8,1,1000,6120,5120
552,17,3,3,0,8,1,1000,6120,5120
553,17,3,4,1,8,1,1000,6120,5120
554,17,3,5,0,8,1,1000,6120,5120
555,17,3,6,1,8,1,1000,6120,5120
556,17,3,7,1,8,1,1000,6120,5120
557,17,3,8,0,8,1,1000,6120,5120
558,17,3,9,0,8,0,1000,6120,5120
559,17,3,10,0,8,0,1000,6120,5120
560,17,3,11,0,8,0,1000,6120,5120
561,18,1,1,0,8,1,1000,6120,5120
562,18,1,2,1,8,1,1000,6120,5120
563,18,1,3,0,8,1,1000,6120,5120
564,18,1,4,0,8,1,1000,6120,5120
565,18,1,5,1,8,1,1000,6120,5120
566,18,1,6,1,8,1,1000,6120,5120
567,18,1,7,0,8,0,1000,6120,5120
568,18,1,8,0,8,0,1000,6120,5120
569,18,1,9,0,8,1,1000,6120,5120
570,18,1,10,0,8,1,1000,6120,5120
571,18,1,11,1,8,1,1000,6120,5120
572,18,2,1,1,8,1,1000,6120,5120
573,18,2,2,0,8,0,1000,6120,5120
574,18,2,3,0,8,1,1000,6120,5120
575,18,2,4,1,8,1,1000,6120,5120
576,18,2,5,0,8,1,1000,6120,5120
577,18,2,6,1,8,1,1000,6120,5120
578,18,2,7,0,8,1,1000,6120,5120
579,18,2,8,0,8,0,1000,6120,5120
580,18,2,9,0,8,0,1000,6120,5120
581,18,2,10,1,8,1,1000,6120,5120
582,18,2,11,0,8,1,1000,6120,5120
583,18,3,1,0,6,1,1000,6120,5120
584,18,3,2,0,6,0,1000,6120,5120
585,18,3,3,1,6,0,1000,6120,5120
586,18,3,4,1,6,1,1000,6120,5120
587,18,3,5,0,6,0,1000,6120,5120
588,18,3,6,1,6,1,1000,6120,5120
589,18,3,7,0,6,0,1000,6120,5120
590,18,3,8,1,6,1,1000,6120,5120
591,18,3,9,1,6,1,1000,6120,5120
592,18,3,10,1,6,1,1000,6120,5120
593,18,3,11,0,6,0,1000,6120,5120
594,19,1,1,0,7,0,1000,6120,5120
595,19,1,2,1,7,1,1000,6120,5120
596,19,1,3,1,7,1,1000,6120,5120
597,19,1,4,1,7,1,1000,6120,5120
598,19,1,5,1,7,0,1000,6120,5120
599,19,1,6,1,7,1,1000,6120,5120
600,19,1,7,0,7,1,1000,6120,5120
601,19,1,8,1,7,1,1000,6120,5120
602,19,1,9,1,7,1,1000,6120,5120
603,19,1,10,1,7,0,1000,6120,5120
604,19,1,11,1,7,0,1000,6120,5120
605,19,2,1,0,8,1,1000,6120,5120
606,19,2,2,1,8,1,1000,6120,5120
607,19,2,3,1,8,1,1000,6120,5120
608,19,2,4,1,8,1,1000,6120,5120
609,19,2,5,1,8,0,1000,6120,5120
610,19,2,6,0,8,1,1000,6120,5120
611,19,2,7,1,8,0,1000,6120,5120
612,19,2,8,1,8,1,1000,6120,5120
613,19,2,9,1,8,1,1000,6120,5120
614,19,2,10,1,8,0,1000,6120,5120
615,19,2,11,1,8,1,1000,6120,5120
616,19,3,1,0,6,1,1000,6120,5120
617,19,3,2,0,6,0,1000,6120,5120
618,19,3,3,0,6,0,1000,6120,5120
619,19,3,4,0,6,1,1000,6120,5120
620,19,3,5,0,6,1,1000,6120,5120
621,19,3,6,0,6,0,1000,6120,5120
622,19,3,7,0,6,1,1000,6120,5120
623,19,3,8,1,6,1,1000,6120,5120
624,19,3,9,0,6,0,1000,6120,5120
625,19,3,10,0,6,0,1000,6120,5120
626,19,3,11,1,6,1,1000,6120,5120
627,20,1,1,1,7,1,1000,6120,5120
628,20,1,2,0,7,1,1000,6120,5120
629,20,1,3,0,7,0,1000,6120,5120
630,20,1,4,0,7,0,1000,6120,5120
631,20,1,5,1,7,1,1000,6120,5120
632,20,1,6,0,7,1,1000,6120,5120
633,20,1,7,1,7,0,1000,6120,5120
634,20,1,8,1,7,0,1000,6120,5120
635,20,1,9,1,7,1,1000,6120,5120
636,20,1,10,1,7,1,1000,6120,5120
637,20,1,11,1,7,0,1000,6120,5120
638,20,2,1,1,8,1,1000,6120,5120
639,20,2,2,1,8,1,1000,6120,5120
640,20,2,3,1,8,1,1000,6120,5120
641,20,2,4,1,8,1,1000,6120,5120
642,20,2,5,0,8,0,1000,6120,5120
643,20,2,6,1,8,1,1000,6120,5120
644,20,2,7,0,8,1,1000,6120,5120
645,20,2,8,0,8,1,1000,6120,5120
646,20,2,9,0,8,1,1000,6120,5120
647,20,2,10,0,8,1,1000,6120,5120
648,20,2,11,1,8,1,1000,6120,5120
649,20,3,1,0,5,1,1000,6120,5120
650,20,3,2,0,5,0,1000,6120,5120
651,20,3,3,0,5,1,1000,6120,5120
652,20,3,4,0,5,0,1000,6120,5120
653,20,3,5,0,5,0,1000,6120,5120
654,20,3,6,1,5,0,1000,6120,5120
655,20,3,7,1,5,1,1000,6120,5120
656,20,3,8,0,5,0,1000,6120,5120
657,20,3,9,0,5,1,1000,6120,5120
658,20,3,10,1,5,1,1000,6120,5120
659,20,3,11,0,5,0,1000,6120,5120
660,21,1,1,0,5,1,1000,6120,5120
661,21,1,2,0,5,1,1000,6120,5120
662,21,1,3,0,5,1,1000,6120,5120
663,21,1,4,0,5,0,1000,6120,5120
664,21,1,5,0,5,0,1000,6120,5120
665,21,1,6,1,5,0,1000,6120,5120
666,21,1,7,0,5,1,1000,6120,5120
667,21,1,8,1,5,1,1000,6120,5120
668,21,1,9,1,5,0,1000,6120,5120
669,21,1,10,0,5,0,1000,6120,5120
670,21,1,11,1,5,0,1000,6120,5120
671,21,2,1,1,5,1,1000,6120,5120
672,21,2,2,1,5,0,1000,6120,5120
673,21,2,3,0,5,1,1000,6120,5120
674,21,2,4,0,5,0,1000,6120,5120
675,21,2,5,1,5,0,1000,6120,5120
676,21,2,6,0,5,0,1000,6120,5120
677,21,2,7,1,5,1,1000,6120,5120
678,21,2,8,1,5,1,1000,6120,5120
679,21,2,9,0,5,0,1000,6120,5120
680,21,2,10,1,5,1,1000,6120,5120
681,21,2,11,0,5,0,1000,6120,5120
682,21,3,1,1,6,1,1000,6120,5120
683,21,3,2,0,6,0,1000,6120,5120
684,21,3,3,0,6,1,1000,6120,5120
685,21,3,4,0,6,1,1000,6120,5120
686,21,3,5,0,6,0,1000,6120,5120
687,21,3,6,0,6,0,1000,6120,5120
688,21,3,7,1,6,0,1000,6120,5120
689,21,3,8,0,6,1,1000,6120,5120
690,21,3,9,0,6,1,1000,6120,5120
691,21,3,10,1,6,1,1000,6120,5120
692,21,3,11,1,6,1,1000,6120,5120
693,22,1,1,1,5,1,1000,6120,5120
694,22,1,2,1,5,1,1000,6120,5120
695,22,1,3,1,5,0,1000,6120,5120
696,22,1,4,0,5,0,1000,6120,5120
697,22,1,5,0,5,0,1000,6120,5120
698,22,1,6,0,5,0,1000,6120,5120
699,22,1,7,1,5,1,1000,6120,5120
700,22,1,8,1,5,1,1000,6120,5120
701,22,1,9,1,5,1,1000,6120,5120
702,22,1,10,1,5,0,1000,6120,5120
703,22,1,11,1,5,0,1000,6120,5120
704,22,2,1,0,8,0,1000,6120,5120
705,22,2,2,1,8,1,1000,6120,5120
706,22,2,3,0,8,1,1000,6120,5120
707,22,2,4,1,8,0,1000,6120,5120
708,22,2,5,1,8,1,1000,6120,5120
709,22,2,6,1,8,1,1000,6120,5120
710,22,2,7,1,8,1,1000,6120,5120
711,22,2,8,1,8,1,1000,6120,5120
712,22,2,9,0,8,0,1000,6120,5120
713,22,2,10,1,8,1,1000,6120,5120
714,22,2,11,0,8,0,1000,6120,5120
715,22,3,1,1,9,1,1000,6120,5120
716,22,3,2,0,9,0,1000,6120,5120
717,22,3,3,0,9,1,1000,6120,5120
718,22,3,4,1,9,1,1000,6120,5120
719,22,3,5,0,9,1,1000,6120,5120
720,22,3,6,0,9,1,1000,6120,5120
721,22,3,7,1,9,1,1000,6120,5120
722,22,3,8,1,9,1,1000,6120,5120
723,22,3,9,1,9,1,1000,6120,5120
724,22,3,10,1,9,1,1000,6120,5120
725,22,3,11,0,9,0,1000,6120,5120
726,23,1,1,1,7,0,1000,6120,5120
727,23,1,2,1,7,1,1000,6120,5120
728,23,1,3,1,7,1,1000,6120,5120
729,23,1,4,0,7,1,1000,6120,5120
730,23,1,5,1,7,1,1000,6120,5120
731,23,1,6,1,7,1,1000,6120,5120
732,23,1,7,0,7,0,1000,6120,5120
733,23,1,8,1,7,0,1000,6120,5120
734,23,1,9,0,7,0,1000,6120,5120
735,23,1,10,1,7,1,1000,6120,5120
736,23,1,11,1,7,1,1000,6120,5120
737,23,2,1,0,10,1,1000,6120,5120
738,23,2,2,1,10,1,1000,6120,5120
739,23,2,3,0,10,1,1000,6120,5120
740,23,2,4,0,10,1,1000,6120,5120
741,23,2,5,0,10,1,1000,6120,5120
742,23,2,6,1,10,1,1000,6120,5120
743,23,2,7,1,10,1,1000,6120,5120
744,23,2,8,0,10,1,1000,6120,5120
745,23,2,9,0,10,1,1000,6120,5120
746,23,2,10,0,10,1,1000,6120,5120
747,23,2,11,1,10,0,1000,6120,5120
748,23,3,1,0,9,0,1000,6120,5120
749,23,3,2,1,9,1,1000,6120,5120
750,23,3,3,1,9,1,1000,6120,5120
751,23,3,4,1,9,1,1000,6120,5120
752,23,3,5,0,9,0,1000,6120,5120
753,23,3,6,0,9,1,1000,6120,5120
754,23,3,7,1,9,1,1000,6120,5120
755,23,3,8,0,9,1,1000,6120,5120
756,23,3,9,0,9,1,1000,6120,5120
757,23,3,10,0,9,1,1000,6120,5120
758,23,3,11,1,9,1,1000,6120,5120
759,24,1,1,0,9,1,1000,6120,5120
760,24,1,2,1,9,1,1000,6120,5120
761,24,1,3,0,9,1,1000,6120,5120
762,24,1,4,0,9,1,1000,6120,5120
763,24,1,5,1,9,1,1000,6120,5120
764,24,1,6,0,9,0,1000,6120,5120
765,24,1,7,0,9,1,1000,6120,5120
766,24,1,8,1,9,0,1000,6120,5120
767,24,1,9,1,9,1,1000,6120,5120
768,24,1,10,0,9,1,1000,6120,5120
769,24,1,11,0,9,1,1000,6120,5120
770,24,2,1,1,5,0,1000,6120,5120
771,24,2,2,1,5,1,1000,6120,5120
772,24,2,3,0,5,1,1000,6120,5120
773,24,2,4,0,5,1,1000,6120,5120
774,24,2,5,0,5,0,1000,6120,5120
775,24,2,6,1,5,0,1000,6120,5120
776,24,2,7,1,5,0,1000,6120,5120
777,24,2,8,1,5,0,1000,6120,5120
778,24,2,9,1,5,1,1000,6120,5120
779,24,2,10,1,5,1,1000,6120,5120
780,24,2,11,0,5,0,1000,6120,5120
781,24,3,1,0,7,1,1000,6120,5120
782,24,3,2,0,7,0,1000,6120,5120
783,24,3,3,0,7,0,1000,6120,5120
784,24,3,4,1,7,1,1000,6120,5120
785,24,3,5,0,7,1,1000,6120,5120
786,24,3,6,0,7,0,1000,6120,5120
787,24,3,7,1,7,1,1000,6120,5120
788,24,3,8,0,7,1,1000,6120,5120
789,24,3,9,0,7,1,1000,6120,5120
790,24,3,10,0,7,0,1000,6120,5120
791,24,3,11,1,7,1,1000,6120,5120
792,25,1,1,0,7,1,1000,6120,5120
793,25,1,2,0,7,0,1000,6120,5120
794,25,1,3,1,7,1,1000,6120,5120
795,25,1,4,0,7,0,1000,6120,5120
796,25,1,5,1,7,1,1000,6120,5120
797,25,1,6,0,7,1,1000,6120,5120
798,25,1,7,1,7,0,1000,6120,5120
799,25,1,8,1,7,1,1000,6120,5120
800,25,1,9,1,7,1,1000,6120,5120
801,25,1,10,1,7,0,1000,6120,5120
802,25,1,11,1,7,1,1000,6120,5120
803,25,2,1,1,10,1,1000,6120,5120
804,25,2,2,1,10,1,1000,6120,5120
805,25,2,3,0,10,0,1000,6120,5120
806,25,2,4,0,10,1,1000,6120,5120
807,25,2,5,0,10,1,1000,6120,5120
808,25,2,6,1,10,1,1000,6120,5120
809,25,2,7,1,10,1,1000,6120,5120
810,25,2,8,1,10,1,1000,6120,5120
811,25,2,9,0,10,1,1000,6120,5120
812,25,2,10,1,10,1,1000,6120,5120
813,25,2,11,1,10,1,1000,6120,5120
814,25,3,1,1,10,1,1000,6120,5120
815,25,3,2,0,10,1,1000,6120,5120
816,25,3,3,0,10,1,1000,6120,5120
817,25,3,4,1,10,1,1000,6120,5120
818,25,3,5,1,10,1,1000,6120,5120
819,25,3,6,1,10,1,1000,6120,5120
820,25,3,7,1,10,1,1000,6120,5120
821,25,3,8,1,10,1,1000,6120,5120
822,25,3,9,1,10,1,1000,6120,5120
823,25,3,10,1,10,1,1000,6120,5120
824,25,3,11,0,10,0,1000,6120,5120
825,26,1,1,1,5,0,1000,6120,5120
826,26,1,2,0,5,0,1000,6120,5120
827,26,1,3,1,5,0,1000,6120,5120
828,26,1,4,1,5,1,1000,6120,5120
829,26,1,5,1,5,1,1000,6120,5120
830,26,1,6,0,5,0,1000,6120,5120
831,26,1,7,1,5,1,1000,6120,5120
832,26,1,8,1,5,1,1000,6120,5120
833,26,1,9,0,5,1,1000,6120,5120
834,26,1,10,1,5,0,1000,6120,5120
835,26,1,11,0,5,0,1000,6120,5120
836,26,2,1,0,8,1,1000,6120,5120
837,26,2,2,0,8,1,1000,6120,5120
838,26,2,3,1,8,1,1000,6120,5120
839,26,2,4,0,8,0,1000,6120,5120
840,26,2,5,0,8,0,1000,6120,5120
841,26,2,6,0,8,1,1000,6120,5120
842,26,2,7,1,8,1,1000,6120,5120
843,26,2,8,1,8,1,1000,6120,5120
844,26,2,9,0,8,1,1000,6120,5120
845,26,2,10,0,8,0,1000,6120,5120
846,26,2,11,1,8,1,1000,6120,5120
847,26,3,1,1,5,1,1000,6120,5120
848,26,3,2,0,5,1,1000,6120,5120
849,26,3,3,0,5,0,1000,6120,5120
850,26,3,4,1,5,1,1000,6120,5120
851,26,3,5,1,5,0,1000,6120,5120
852,26,3,6,0,5,0,1000,6120,5120
853,26,3,7,0,5,1,1000,6120,5120
854,26,3,8,1,5,1,1000,6120,5120
855,26,3,9,0,5,0,1000,6120,5120
856,26,3,10,0,5,0,1000,6120,5120
857,26,3,11,0,5,0,1000,6120,5120
858,27,1,1,1,5,0,1000,6120,5120
859,27,1,2,1,5,1,1000,6120,5120
860,27,1,3,0,5,1,1000,6120,5120
861,27,1,4,1,5,1,1000,6120,5120
862,27,1,5,0,5,0,1000,6120,5120
863,27,1,6,1,5,0,1000,6120,5120
864,27,1,7,1,5,1,1000,6120,5120
865,27,1,8,0,5,0,1000,6120,5120
866,27,1,9,1,5,1,1000,6120,5120
867,27,1,10,0,5,0,1000,6120,5120
868,27,1,11,0,5,0,1000,6120,5120
869,27,2,1,0,7,1,1000,6120,5120
870,27,2,2,1,7,1,1000,6120,5120
871,27,2,3,0,7,1,1000,6120,5120
872,27,2,4,0,7,1,1000,6120,5120
873,27,2,5,1,7,1,1000,6120,5120
874,27,2,6,1,7,0,1000,6120,5120
875,27,2,7,0,7,1,1000,6120,5120
876,27,2,8,1,7,1,1000,6120,5120
877,27,2,9,1,7,0,1000,6120,5120
878,27,2,10,1,7,1,1000,6120,5120
879,27,2,11,0,7,0,1000,6120,5120
880,27,3,1,0,8,1,1000,6120,5120
881,27,3,2,1,8,1,1000,6120,5120
882,27,3,3,1,8,0,1000,6120,5120
883,27,3,4,0,8,1,1000,6120,5120
884,27,3,5,0,8,1,1000,6120,5120
885,27,3,6,1,8,0,1000,6120,5120
886,27,3,7,0,8,0,1000,6120,5120
887,27,3,8,1,8,1,1000,6120,5120
888,27,3,9,1,8,1,1000,6120,5120
889,27,3,10,1,8,1,1000,6120,5120
890,27,3,11,0,8,1,1000,6120,5120
891,28,1,1,0,10,1,1000,6120,5120
892,28,1,2,0,10,1,1000,6120,5120
893,28,1,3,1,10,1,1000,6120,5120
894,28,1,4,1,10,1,1000,6120,5120
895,28,1,5,0,10,0,1000,6120,5120
896,28,1,6,1,10,1,1000,6120,5120
897,28,1,7,1,10,1,1000,6120,5120
898,28,1,8,1,10,1,1000,6120,5120
899,28,1,9,1,10,1,1000,6120,5120
900,28,1,10,0,10,1,1000,6120,5120
901,28,1,11,1,10,1,1000,6120,5120
902,28,2,1,1,7,0,1000,6120,5120
903,28,2,2,0,7,1,1000,6120,5120
904,28,2,3,0,7,1,1000,6120,5120
905,28,2,4,1,7,0,1000,6120,5120
906,28,2,5,1,7,1,1000,6120,5120
907,28,2,6,0,7,0,1000,6120,5120
908,28,2,7,1,7,0,1000,6120,5120
909,28,2,8,1,7,1,1000,6120,5120
910,28,2,9,1,7,1,1000,6120,5120
911,28,2,10,1,7,1,1000,6120,5120
912,28,2,11,1,7,1,1000,6120,5120
913,28,3,1,1,5,1,1000,6120,5120
914,28,3,2,0,5,0,1000,6120,5120
915,28,3,3,1,5,0,1000,6120,5120
916,28,3,4,1,5,0,1000,6120,5120
917,28,3,5,0,5,1,1000,6120,5120
918,28,3,6,0,5,0,1000,6120,5120
919,28,3,7,1,5,0,1000,6120,5120
920,28,3,8,1,5,0,1000,6120,5120
921,28,3,9,0,5,1,1000,6120,5120
922,28,3,10,1,5,1,1000,6120,5120
923,28,3,11,1,5,1,1000,6120,5120
924,29,1,1,0,5,1,1000,6120,5120
925,29,1,2,0,5,0,1000,6120,5120
926,29,1,3,1,5,1,1000,6120,5120
927,29,1,4,0,5,1,1000,6120,5120
928,29,1,5,0,5,0,1000,6120,5120
929,29,1,6,1,5,1,1000,6120,5120
930,29,1,7,0,5,0,1000,6120,5120
931,29,1,8,0,5,1,1000,6120,5120
932,29,1,9,1,5,0,1000,6120,5120
933,29,1,10,1,5,0,1000,6120,5120
934,29,1,11,0,5,0,1000,6120,5120
935,29,2,1,1,8,1,1000,6120,5120
936,29,2,2,1,8,1,1000,6120,5120
937,29,2,3,0,8,1,1000,6120,5120
938,29,2,4,0,8,1,1000,6120,5120
939,29,2,5,1,8,1,1000,6120,5120
940,29,2,6,1,8,1,1000,6120,5120
941,29,2,7,0,8,1,1000,6120,5120
942,29,2,8,0,8,0,1000,6120,5120
943,29,2,9,0,8,0,1000,6120,5120
944,29,2,10,0,8,1,1000,6120,5120
945,29,2,11,0,8,0,1000,6120,5120
946,29,3,1,1,9,1,1000,6120,5120
947,29,3,2,0,9,0,1000,6120,5120
948,29,3,3,0,9,1,1000,6120,5120
949,29,3,4,0,9,1,1000,6120,5120
950,29,3,5,1,9,1,1000,6120,5120
951,29,3,6,0,9,0,1000,6120,5120
952,29,3,7,0,9,1,1000,6120,5120
953,29,3,8,1,9,1,1000,6120,5120
954,29,3,9,1,9,1,1000,6120,5120
955,29,3,10,0,9,1,1000,6120,5120
956,29,3,11,1,9,1,1000,6120,5120
957,30,1,1,1,10,1,1000,6120,5120
958,30,1,2,0,10,1,1000,6120,5120
959,30,1,3,1,10,1,1000,6120,5120
960,30,1,4,1,10,1,1000,6120,5120
961,30,1,5,1,10,1,1000,6120,5120
962,30,1,6,1,10,1,1000,6120,5120
963,30,1,7,1,10,0,1000,6120,5120
964,30,1,8,1,10,1,1000,6120,5120
965,30,1,9,1,10,1,1000,6120,5120
966,30,1,10,1,10,1,1000,6120,5120
967,30,1,11,0,10,1,1000,6120,5120
968,30,2,1,1,7,1,1000,6120,5120
969,30,2,2,0,7,1,1000,6120,5120
970,30,2,3,1,7,1,1000,6120,5120
971,30,2,4,1,7,1,1000,6120,5120
972,30,2,5,1,7,1,1000,6120,5120
973,30,2,6,0,7,0,1000,6120,5120
974,30,2,7,1,7,1,1000,6120,5120
975,30,2,8,1,7,1,1000,6120,5120
976,30,2,9,1,7,0,1000,6120,5120
977,30,2,10,0,7,0,1000,6120,5120
978,30,2,11,1,7,0,1000,6120,5120
979,30,3,1,0,7,0,1000,6120,5120
980,30,3,2,0,7,0,1000,6120,5120
981,30,3,3,1,7,1,1000,6120,5120
982,30,3,4,1,7,1,1000,6120,5120
983,30,3,5,0,7,0,1000,6120,5120
984,30,3,6,0,7,0,1000,6120,5120
985,30,3,7,1,7,1,1000,6120,5120
986,30,3,8,0,7,1,1000,6120,5120
987,30,3,9,1,7,1,1000,6120,5120
988,30,3,10,1,7,1,1000,6120,5120
989,30,3,11,0,7,1,1000,6120,5120
